,Unnamed: 0,ct,el,er,t
0,0.0,0.0,0.0,0.0,5.475448369979858
1,1.0,0.0,6.0,10.0,71.10258507728577
2,2.0,0.0,11.0,0.0,194.9839403629303
3,3.0,0.0,11.0,0.0,319.0653049945832
4,4.0,0.0,7.0,10.0,402.7913634777069
5,5.0,0.0,11.0,0.0,527.8759639263153
6,6.0,0.0,11.0,0.0,657.5342531204224
7,7.0,0.0,6.0,10.0,725.4378273487091
8,8.0,0.0,8.0,10.0,819.7691328525543
9,9.0,0.0,11.0,0.0,956.0968294143676
10,10.0,0.0,4.0,10.0,1005.2264745235444
11,11.0,0.0,5.0,10.0,1068.5489461421969
12,12.0,0.0,10.0,10.0,1179.7429883480072
13,13.0,0.0,8.0,10.0,1271.9246151447296
14,14.0,0.0,8.0,10.0,1360.252500295639
15,15.0,0.0,2.0,10.0,1380.124213695526
16,16.0,0.0,11.0,0.0,1502.5629587173462
17,17.0,0.0,1.0,10.0,1512.505369901657
18,18.0,0.0,6.0,10.0,1576.6949779987335
19,19.0,0.0,6.0,10.0,1642.892469882965
20,20.0,0.0,4.0,10.0,1692.741427898407
21,21.0,0.0,11.0,0.0,1823.4961426258087
22,22.0,0.0,5.0,10.0,1877.0209701061249
23,23.0,0.0,11.0,10.0,1999.0247614383695
24,24.0,0.0,6.0,10.0,2064.6167817115784
25,25.0,0.0,11.0,0.0,2211.36047577858
26,26.0,0.0,9.0,10.0,2311.2690563201904
27,27.0,0.0,11.0,0.0,2435.1695096492767
28,28.0,0.0,11.0,0.0,2567.9606354236603
29,29.0,0.0,7.0,10.0,2644.28302526474
30,30.0,0.0,11.0,0.0,2768.548525094986
31,31.0,0.0,4.0,10.0,2813.916204690933
32,32.0,0.0,11.0,0.0,2942.498944044113
33,33.0,0.0,6.0,10.0,3012.2844109535217
34,34.0,0.0,11.0,10.0,3135.1793315410614
35,35.0,0.0,4.0,10.0,3178.783192873001
36,36.0,0.0,2.0,10.0,3200.757208347321
37,37.0,0.0,6.0,10.0,3267.7267546653748
38,38.0,0.0,11.0,0.0,3393.712369441986
39,39.0,0.0,11.0,0.0,3523.598785638809
40,40.0,0.0,4.0,10.0,3567.590445280075
41,41.0,0.0,7.0,10.0,3646.965382099152
42,42.0,0.0,3.0,10.0,3676.558910369873
43,43.0,0.0,11.0,10.0,3801.798416376114
44,44.0,0.0,11.0,0.0,3924.4045045375824
45,45.0,0.0,8.0,10.0,4013.0415449142456
46,46.0,0.0,11.0,0.0,4147.502190113068
47,47.0,0.0,6.0,10.0,4222.796738147736
48,48.0,0.0,11.0,0.0,4356.929884910584
49,49.0,0.0,4.0,10.0,4399.945704936981
50,50.0,0.0,4.0,10.0,4443.812605381012
51,51.0,0.0,11.0,0.0,4578.290138959885
52,52.0,0.0,6.0,10.0,4647.11366891861
53,53.0,0.0,5.0,10.0,4699.491540431976
54,54.0,0.0,5.0,10.0,4757.571274280548
55,55.0,0.0,10.0,10.0,4866.173618078232
56,56.0,0.0,3.0,10.0,4898.022483348846
57,57.0,0.0,11.0,0.0,5026.939333438873
58,58.0,0.0,11.0,0.0,5149.974224328995
59,59.0,0.0,11.0,0.0,5275.663517713547
60,60.0,0.0,11.0,0.0,5399.550233602524
61,61.0,0.0,11.0,0.0,5525.312045574188
62,62.0,0.0,8.0,10.0,5616.050789833069
63,63.0,0.0,5.0,10.0,5672.457717895508
64,64.0,0.0,11.0,0.0,5800.847370862961
65,65.0,0.0,11.0,0.0,5925.627752065659
66,66.0,0.0,7.0,10.0,6002.080835103989
67,67.0,0.0,10.0,10.0,6113.935352325439
68,68.0,0.0,3.0,10.0,6144.2677228450775
69,69.0,0.0,3.0,10.0,6175.653144598007
70,70.0,0.0,4.0,10.0,6223.12083530426
71,71.0,0.0,5.0,10.0,6275.523431301117
72,72.0,0.0,11.0,0.0,6399.171302556992
73,73.0,0.0,11.0,0.0,6532.699899196625
74,74.0,0.0,11.0,0.0,6664.586241006851
75,75.0,0.0,6.0,10.0,6731.671052694321
76,76.0,0.0,1.0,10.0,6741.850291252136
77,77.0,0.0,11.0,0.0,6873.43393611908
78,78.0,0.0,11.0,10.0,6997.456850528717
79,79.0,0.0,11.0,0.0,7124.438920736313
80,80.0,0.0,8.0,10.0,7212.3360204696655
81,81.0,0.0,5.0,10.0,7267.603732347488
82,82.0,0.0,4.0,10.0,7311.435408830643
83,83.0,0.0,11.0,0.0,7434.993721961975
84,84.0,0.0,11.0,0.0,7567.08673620224
85,85.0,0.0,11.0,0.0,7692.76824760437
86,86.0,0.0,2.0,10.0,7713.930638074875
87,87.0,0.0,7.0,10.0,7797.615748643875
88,88.0,0.0,2.0,10.0,7817.055117130279
89,89.0,0.0,7.0,10.0,7899.287888526916
90,90.0,0.0,11.0,0.0,8024.516042232513
91,91.0,0.0,6.0,10.0,8091.747941017151
92,92.0,0.0,4.0,10.0,8134.535681724548
93,93.0,0.0,11.0,10.0,8256.02643918991
94,94.0,0.0,11.0,0.0,8385.468677520752
95,95.0,0.0,4.0,10.0,8428.786467313766
96,96.0,0.0,9.0,10.0,8530.68787932396
97,97.0,0.0,11.0,0.0,8655.791548490524
98,98.0,0.0,4.0,10.0,8700.925674915314
99,99.0,0.0,1.0,10.0,8710.551908254623
100,100.0,0.0,11.0,0.0,8840.323803663254
101,101.0,0.0,11.0,10.0,8965.850774526596
102,102.0,0.0,1.0,10.0,8977.130264520645
103,103.0,0.0,11.0,0.0,9101.97487950325
104,104.0,0.0,10.0,10.0,9210.60775065422
105,105.0,0.0,11.0,0.0,9336.22924041748
106,106.0,0.0,3.0,10.0,9367.386873960497
107,107.0,0.0,7.0,10.0,9446.03993487358
108,108.0,0.0,3.0,10.0,9479.085458993912
109,109.0,0.0,11.0,0.0,9610.189006090164
110,110.0,0.0,7.0,10.0,9687.112518548964
111,111.0,0.0,3.0,10.0,9720.949221849442
112,112.0,0.0,5.0,10.0,9773.012523412704
113,113.0,0.0,10.0,10.0,9883.505293369291
114,114.0,0.0,11.0,0.0,10006.937505722046
115,115.0,0.0,11.0,10.0,10131.087193250656
116,116.0,0.0,9.0,10.0,10231.54061126709
117,117.0,0.0,11.0,10.0,10366.191704273224
118,118.0,0.0,11.0,0.0,10502.306694746016
119,119.0,0.0,2.0,10.0,10523.182759046556
120,120.0,0.0,5.0,10.0,10577.096247196198
121,121.0,0.0,5.0,10.0,10634.335059165956
122,122.0,0.0,1.0,10.0,10644.33382844925
123,123.0,0.0,11.0,0.0,10768.876522064207
124,124.0,0.0,3.0,10.0,10801.818082809448
125,125.0,0.0,11.0,10.0,10924.907422542572
126,126.0,0.0,5.0,10.0,10980.312373876572
127,127.0,0.0,11.0,0.0,11105.667901277542
128,128.0,0.0,11.0,0.0,11230.147744894028
129,129.0,0.0,3.0,10.0,11265.79922914505
130,130.0,0.0,11.0,0.0,11392.117017745972
131,131.0,0.0,11.0,0.0,11521.933500051498
132,132.0,0.0,11.0,0.0,11645.212565898895
133,133.0,0.0,11.0,10.0,11768.192464113235
134,134.0,0.0,11.0,0.0,11894.219064950945
135,135.0,0.0,10.0,10.0,12011.536799907684
136,136.0,0.0,11.0,0.0,12135.658667564392
137,137.0,0.0,6.0,10.0,12208.065479040146
138,138.0,0.0,8.0,10.0,12300.999418973925
139,139.0,0.0,11.0,0.0,12426.1780025959
140,140.0,0.0,2.0,10.0,12449.33248758316
141,141.0,0.0,11.0,0.0,12579.841960430143
142,142.0,0.0,4.0,10.0,12622.892606258392
143,143.0,0.0,3.0,10.0,12655.530278205872
144,144.0,0.0,3.0,10.0,12685.843453168867
145,145.0,0.0,9.0,10.0,12787.132873296738
146,146.0,0.0,11.0,0.0,12919.62244606018
147,147.0,0.0,6.0,10.0,12985.218103408812
148,148.0,0.0,11.0,0.0,13111.412311792374
149,149.0,0.0,11.0,10.0,13234.604800224304
150,150.0,0.0,1.0,10.0,13244.766985654833
151,151.0,0.0,11.0,0.0,13370.216525793076
152,152.0,0.0,10.0,10.0,13481.454646587372
153,153.0,0.0,8.0,10.0,13575.23209476471
154,154.0,0.0,11.0,0.0,13702.378137111664
155,155.0,0.0,2.0,10.0,13722.37650513649
156,156.0,0.0,11.0,10.0,13841.65208888054
157,157.0,0.0,9.0,10.0,13948.67624258995
158,158.0,0.0,11.0,0.0,14076.78754544258
159,159.0,0.0,3.0,10.0,14112.790650844574
160,160.0,0.0,3.0,10.0,14145.225081205368
161,161.0,0.0,3.0,10.0,14176.614953041077
162,162.0,0.0,3.0,10.0,14215.15748333931
163,163.0,0.0,5.0,10.0,14268.98523569107
164,164.0,0.0,11.0,0.0,14417.441435337068
165,165.0,0.0,7.0,10.0,14495.550620555878
166,166.0,0.0,11.0,0.0,14621.584275245668
167,167.0,0.0,9.0,10.0,14725.60500741005
168,168.0,0.0,3.0,10.0,14759.019359827042
169,169.0,0.0,1.0,10.0,14770.952495098114
170,170.0,0.0,11.0,0.0,14894.914835214617
171,171.0,0.0,10.0,10.0,15005.465455770493
172,172.0,0.0,3.0,10.0,15039.1421251297
173,173.0,0.0,9.0,10.0,15137.656579732897
174,174.0,0.0,11.0,10.0,15262.955647706984
175,175.0,0.0,11.0,0.0,15401.629021167755
176,176.0,0.0,6.0,10.0,15473.505140781404
177,177.0,0.0,11.0,0.0,15601.552493333817
178,178.0,0.0,10.0,10.0,15715.59579372406
179,179.0,0.0,4.0,10.0,15757.72808265686
180,180.0,0.0,5.0,10.0,15810.379773378372
181,181.0,0.0,11.0,10.0,15931.857340812683
182,182.0,0.0,3.0,10.0,15963.186247110369
183,183.0,0.0,7.0,10.0,16047.432992458344
184,184.0,0.0,11.0,0.0,16173.030885219574
185,185.0,0.0,8.0,10.0,16262.96753525734
186,186.0,0.0,11.0,0.0,16386.525490522385
187,187.0,0.0,11.0,0.0,16526.925607204437
188,188.0,0.0,5.0,10.0,16585.47697877884
189,189.0,0.0,7.0,10.0,16663.179162740707
190,190.0,0.0,1.0,10.0,16670.8970181942
191,191.0,0.0,10.0,10.0,16785.61311006546
192,192.0,0.0,6.0,10.0,16857.588614702225
193,193.0,0.0,11.0,0.0,16983.73390340805
194,194.0,0.0,10.0,10.0,17092.995493412018
195,195.0,0.0,11.0,10.0,17225.177334547043
196,196.0,0.0,5.0,10.0,17279.441956996918
197,197.0,0.0,11.0,0.0,17403.233377933502
198,198.0,0.0,5.0,10.0,17457.530556678772
199,199.0,0.0,9.0,10.0,17555.366024255753
200,200.0,0.0,7.0,10.0,17633.145414590836
201,201.0,0.0,5.0,10.0,17695.503227710724
202,202.0,0.0,11.0,0.0,17823.78215765953
203,203.0,0.0,2.0,10.0,17845.753211259842
204,204.0,0.0,11.0,0.0,17974.027727365494
205,205.0,0.0,6.0,10.0,18038.477382659912
206,206.0,0.0,11.0,10.0,18162.070996522903
207,207.0,0.0,6.0,10.0,18235.936810970303
208,208.0,0.0,7.0,10.0,18317.85783147812
209,209.0,0.0,7.0,10.0,18393.92230606079
210,210.0,0.0,9.0,10.0,18494.017716884613
211,211.0,0.0,3.0,10.0,18526.959763288494
212,212.0,0.0,11.0,0.0,18653.46589565277
213,213.0,0.0,11.0,0.0,18778.94345760345
214,214.0,0.0,9.0,10.0,18885.90054321289
215,215.0,0.0,11.0,0.0,19012.596608161926
216,216.0,0.0,7.0,10.0,19089.97318458557
217,217.0,0.0,7.0,10.0,19168.218732118607
218,218.0,0.0,11.0,0.0,19294.717108488083
219,219.0,0.0,7.0,10.0,19373.114492177963
220,220.0,0.0,9.0,10.0,19473.32870388031
221,221.0,0.0,1.0,10.0,19484.816620349884
222,222.0,0.0,2.0,10.0,19506.0086722374
223,223.0,0.0,11.0,0.0,19633.778336524963
224,224.0,0.0,9.0,10.0,19735.824691057205
225,225.0,0.0,4.0,10.0,19779.980573177338
226,226.0,0.0,4.0,10.0,19822.39532732964
227,227.0,0.0,10.0,10.0,19931.69491624832
228,228.0,0.0,1.0,10.0,19938.37800335884
229,229.0,0.0,5.0,10.0,19996.279211997982
230,230.0,0.0,11.0,0.0,20126.92368721962
231,231.0,0.0,11.0,0.0,20250.958218336105
232,232.0,0.0,11.0,0.0,20379.75312757492
233,233.0,0.0,9.0,10.0,20491.546410799023
234,234.0,0.0,1.0,10.0,20497.959894895557
235,235.0,0.0,7.0,10.0,20582.257097244263
236,236.0,0.0,2.0,10.0,20602.875715970997
237,237.0,0.0,8.0,10.0,20696.044776916504
238,238.0,0.0,11.0,0.0,20823.393901586533
239,239.0,0.0,11.0,0.0,20952.09232878685
240,240.0,0.0,4.0,10.0,20995.31848669052
241,241.0,0.0,6.0,10.0,21061.74365973473
242,242.0,0.0,9.0,10.0,21163.216111660004
243,243.0,0.0,10.0,10.0,21274.744347333908
244,244.0,0.0,3.0,10.0,21305.66833281517
245,245.0,0.0,10.0,10.0,21423.126618146896
246,246.0,0.0,11.0,0.0,21550.596311330795
247,247.0,0.0,11.0,0.0,21680.25406694412
248,248.0,0.0,6.0,10.0,21744.32537841797
249,249.0,0.0,7.0,10.0,21822.42676281929
250,250.0,0.0,8.0,10.0,21910.06283402443
251,251.0,0.0,8.0,10.0,21996.70776700973
252,252.0,0.0,2.0,10.0,22018.67667746544
253,253.0,0.0,1.0,10.0,22027.125075817108
254,254.0,0.0,11.0,0.0,22153.13812279701
255,255.0,0.0,8.0,10.0,22242.183456897736
256,256.0,0.0,11.0,0.0,22377.911624908447
257,257.0,0.0,11.0,10.0,22500.12436294556
258,258.0,0.0,9.0,10.0,22599.8002846241
259,259.0,0.0,11.0,0.0,22724.750900268555
260,260.0,0.0,11.0,0.0,22850.30855035782
261,261.0,0.0,8.0,10.0,22943.574411153797
262,262.0,0.0,4.0,10.0,22986.940248966217
263,263.0,0.0,3.0,10.0,23019.70225262642
264,264.0,0.0,6.0,10.0,23094.146572351456
265,265.0,0.0,11.0,0.0,23226.493848085403
266,266.0,0.0,6.0,10.0,23292.104045391083
267,267.0,0.0,5.0,10.0,23347.045242786407
268,268.0,0.0,11.0,0.0,23471.69561815262
269,269.0,0.0,1.0,10.0,23481.922022104263
270,270.0,0.0,11.0,0.0,23610.56972932816
271,271.0,0.0,11.0,0.0,23751.742740154263
272,272.0,0.0,9.0,10.0,23853.048140525814
273,273.0,0.0,8.0,10.0,23945.36733484268
274,274.0,0.0,4.0,10.0,23989.5083129406
275,275.0,0.0,11.0,0.0,24118.10527729988
276,276.0,0.0,4.0,10.0,24165.55508351326
277,277.0,0.0,11.0,0.0,24292.23477625847
278,278.0,0.0,2.0,10.0,24314.569190979004
279,279.0,0.0,11.0,0.0,24439.512397050858
280,280.0,0.0,11.0,0.0,24565.169182538983
281,281.0,0.0,5.0,10.0,24625.78531074524
282,282.0,0.0,11.0,0.0,24749.051899909973
283,283.0,0.0,8.0,10.0,24838.656242132187
284,284.0,0.0,10.0,10.0,24949.46011948585
285,285.0,0.0,1.0,10.0,24960.532495498657
286,286.0,0.0,5.0,10.0,25018.412093639374
287,287.0,0.0,11.0,0.0,25151.17229938507
288,288.0,0.0,11.0,0.0,25275.06905579567
289,289.0,0.0,8.0,10.0,25365.97427773476
290,290.0,0.0,8.0,10.0,25455.42937874794
291,291.0,0.0,4.0,10.0,25497.924195051197
292,292.0,0.0,7.0,10.0,25577.541000843048
293,293.0,0.0,11.0,0.0,25700.961201667786
294,294.0,0.0,2.0,10.0,25722.4728410244
295,295.0,0.0,6.0,10.0,25788.971358537678
296,296.0,0.0,7.0,10.0,25865.37009525299
297,297.0,0.0,11.0,0.0,25999.65297269821
298,298.0,0.0,11.0,0.0,26132.849285840988
299,299.0,0.0,8.0,10.0,26226.096459388733
300,300.0,0.0,1.0,10.0,26236.07497191429
301,301.0,0.0,7.0,10.0,26316.59342932701
302,302.0,0.0,5.0,10.0,26370.173267364506
303,303.0,0.0,6.0,10.0,26436.30798697472
304,304.0,0.0,11.0,0.0,26565.45141673088
305,305.0,0.0,11.0,10.0,26695.449855089188
306,306.0,0.0,6.0,10.0,26768.444002628326
307,307.0,0.0,1.0,10.0,26779.136695861816
308,308.0,0.0,4.0,10.0,26821.79623436928
309,309.0,0.0,11.0,0.0,26951.268704652783
310,310.0,0.0,5.0,10.0,27007.73140144348
311,311.0,0.0,11.0,0.0,27142.35822725296
312,312.0,0.0,5.0,10.0,27208.89122056961
313,313.0,0.0,11.0,0.0,27337.88428425789
314,314.0,0.0,11.0,0.0,27484.35345816612
315,315.0,0.0,3.0,10.0,27520.328567504883
316,316.0,0.0,11.0,10.0,27654.368999242783
317,317.0,0.0,10.0,10.0,27776.68529009819
318,318.0,0.0,11.0,0.0,27904.432928085327
319,319.0,0.0,11.0,0.0,28029.94717478752
320,320.0,0.0,10.0,10.0,28156.91326355934
321,321.0,0.0,2.0,10.0,28177.60565304756
322,322.0,0.0,11.0,0.0,28303.329679489136
323,323.0,0.0,9.0,10.0,28405.374004602432
324,324.0,0.0,11.0,0.0,28530.692018032078
325,325.0,0.0,2.0,10.0,28550.978451013565
326,326.0,0.0,11.0,0.0,28675.037311553955
327,327.0,0.0,4.0,10.0,28720.57968878746
328,328.0,0.0,4.0,10.0,28764.26285934448
329,329.0,0.0,11.0,0.0,28893.523905038837
330,330.0,0.0,10.0,10.0,29006.71883416176
331,331.0,0.0,11.0,0.0,29132.928056001663
332,332.0,0.0,11.0,0.0,29257.923176527023
333,333.0,0.0,10.0,10.0,29371.302310466766
334,334.0,0.0,7.0,10.0,29445.74869585037
335,335.0,0.0,7.0,10.0,29523.21316623688
336,336.0,0.0,10.0,10.0,29638.153900146484
337,337.0,0.0,2.0,10.0,29658.26393938065
338,338.0,0.0,7.0,10.0,29732.67002773285
339,339.0,0.0,11.0,0.0,29874.52951192856
340,340.0,0.0,11.0,0.0,29997.90553045273
341,341.0,0.0,4.0,10.0,30039.22303247452
342,342.0,0.0,8.0,10.0,30139.005925416943
343,343.0,0.0,11.0,0.0,30287.824233531952
344,344.0,0.0,11.0,10.0,30408.834854125977
345,345.0,0.0,8.0,10.0,30496.11076617241
346,346.0,0.0,11.0,0.0,30626.94289088249
347,347.0,0.0,2.0,10.0,30646.06201529503
348,348.0,0.0,6.0,10.0,30710.423154830933
349,349.0,0.0,11.0,0.0,30839.736978769302
350,350.0,0.0,1.0,10.0,30851.09674310684
351,351.0,0.0,11.0,0.0,30975.583853006363
352,352.0,0.0,10.0,10.0,31088.50971698761
353,353.0,0.0,2.0,10.0,31109.74632048607
354,354.0,0.0,11.0,10.0,31231.232988357544
355,355.0,0.0,7.0,10.0,31309.26797127724
356,356.0,0.0,5.0,10.0,31364.924609661102
357,357.0,0.0,8.0,10.0,31461.84118580818
358,358.0,0.0,7.0,10.0,31543.342779636383
359,359.0,0.0,4.0,10.0,31592.95847892761
360,360.0,0.0,9.0,10.0,31697.16891026497
361,361.0,0.0,11.0,10.0,31823.466507196423
362,362.0,0.0,1.0,10.0,31834.198899269104
363,363.0,0.0,4.0,10.0,31878.799535751343
364,364.0,0.0,5.0,10.0,31934.927121400837
365,365.0,0.0,3.0,10.0,31966.133745908737
366,366.0,0.0,4.0,10.0,32020.95756483078
367,367.0,0.0,7.0,10.0,32107.724217653275
368,368.0,0.0,7.0,10.0,32185.83945965767
369,369.0,0.0,5.0,10.0,32241.760568141937
370,370.0,0.0,6.0,10.0,32309.16236972809
371,371.0,0.0,5.0,10.0,32363.02594137192
372,372.0,0.0,7.0,10.0,32445.01044535637
373,373.0,0.0,5.0,10.0,32501.29003882408
374,374.0,0.0,5.0,10.0,32556.482721805573
375,375.0,0.0,10.0,10.0,32667.28215241432
376,376.0,0.0,2.0,10.0,32687.194714307785
377,377.0,0.0,10.0,10.0,32812.8634390831
378,378.0,0.0,5.0,10.0,32871.41909503937
379,379.0,0.0,6.0,10.0,32941.33272314072
380,380.0,0.0,1.0,10.0,32949.17117476463
381,381.0,0.0,9.0,10.0,33047.96075129509
382,382.0,0.0,3.0,10.0,33079.03865027428
383,383.0,0.0,11.0,0.0,33204.05164909363
384,384.0,0.0,1.0,10.0,33214.763833999634
385,385.0,0.0,3.0,10.0,33246.22059106827
386,386.0,0.0,5.0,10.0,33305.81399393082
387,387.0,0.0,11.0,0.0,33452.43728303909
388,388.0,0.0,2.0,10.0,33473.497061252594
389,389.0,0.0,3.0,10.0,33502.805035591125
390,390.0,0.0,11.0,0.0,33629.977154016495
391,391.0,0.0,4.0,10.0,33674.994378089905
392,392.0,0.0,1.0,10.0,33684.12416315079
393,393.0,0.0,11.0,0.0,33808.38625884056
394,394.0,0.0,10.0,10.0,33918.89990377426
395,395.0,0.0,11.0,0.0,34052.51575422287
396,396.0,0.0,6.0,10.0,34123.85433959961
397,397.0,0.0,4.0,10.0,34170.46729803085
398,398.0,0.0,6.0,10.0,34235.169113874435
399,399.0,0.0,2.0,10.0,34254.98105812073
400,400.0,0.0,11.0,0.0,34387.52872300148
401,401.0,0.0,11.0,0.0,34519.70641708374
402,402.0,0.0,10.0,10.0,34629.03050518036
403,403.0,0.0,4.0,10.0,34670.06073260307
404,404.0,0.0,5.0,10.0,34725.05274915695
405,405.0,0.0,1.0,10.0,34735.01120710373
406,406.0,0.0,1.0,10.0,34743.532173633575
407,407.0,0.0,2.0,10.0,34765.1253991127
408,408.0,0.0,7.0,10.0,34848.05208683014
409,409.0,0.0,7.0,10.0,34926.20874452591
410,410.0,0.0,5.0,10.0,34985.54434776306
411,411.0,0.0,11.0,0.0,35109.83564925194
412,412.0,0.0,11.0,0.0,35243.03419971466
413,413.0,0.0,11.0,0.0,35368.15736579895
414,414.0,0.0,11.0,0.0,35497.56326341629
415,415.0,0.0,11.0,0.0,35639.646611213684
416,416.0,0.0,2.0,10.0,35660.68196940422
417,417.0,0.0,8.0,10.0,35751.699452638626
418,418.0,0.0,11.0,0.0,35879.02642202377
419,419.0,0.0,9.0,10.0,35981.71568131447
420,420.0,0.0,1.0,10.0,35989.797105789185
421,421.0,0.0,4.0,10.0,36035.83866119385
422,422.0,0.0,5.0,10.0,36090.75733709335
423,423.0,0.0,11.0,0.0,36219.62189054489
424,424.0,0.0,7.0,10.0,36295.15336179733
425,425.0,0.0,5.0,10.0,36351.06380748749
426,426.0,0.0,3.0,10.0,36392.54934668541
427,427.0,0.0,11.0,10.0,36524.34826016426
428,428.0,0.0,11.0,10.0,36658.52023053169
429,429.0,0.0,3.0,10.0,36690.21800851822
430,430.0,0.0,10.0,10.0,36801.53291296959
431,431.0,0.0,2.0,10.0,36823.26123571396
432,432.0,0.0,11.0,0.0,36947.3497531414
433,433.0,0.0,3.0,10.0,36977.45978760719
434,434.0,0.0,6.0,10.0,37050.05404424667
435,435.0,0.0,9.0,10.0,37155.09081172943
436,436.0,0.0,11.0,0.0,37290.00151872635
437,437.0,0.0,4.0,10.0,37344.88014292717
438,438.0,0.0,11.0,0.0,37478.86939048767
439,439.0,0.0,7.0,10.0,37557.96914696693
440,440.0,0.0,7.0,10.0,37637.90353059769
441,441.0,0.0,1.0,10.0,37647.65405416489
442,442.0,0.0,3.0,10.0,37682.516439437866
443,443.0,0.0,2.0,10.0,37701.8378341198
444,444.0,0.0,6.0,10.0,37766.17240548134
445,445.0,0.0,10.0,10.0,37885.02462673187
446,446.0,0.0,11.0,0.0,38013.28729081154
447,447.0,0.0,11.0,0.0,38138.93511414528
448,448.0,0.0,11.0,0.0,38288.38706278801
449,449.0,0.0,6.0,10.0,38355.6392865181
450,450.0,0.0,8.0,10.0,38444.21478939056
451,451.0,0.0,6.0,10.0,38512.45294380188
452,452.0,0.0,1.0,10.0,38523.73955249786
453,453.0,0.0,11.0,0.0,38658.022174835205
454,454.0,0.0,5.0,10.0,38712.52694630623
455,455.0,0.0,10.0,10.0,38829.16675376892
456,456.0,0.0,1.0,10.0,38836.72845888138
457,457.0,0.0,7.0,10.0,38912.26972198486
458,458.0,0.0,2.0,10.0,38934.33739924431
459,459.0,0.0,6.0,10.0,39002.92562055588
460,460.0,0.0,3.0,10.0,39035.425649642944
461,461.0,0.0,5.0,10.0,39095.905987262726
462,462.0,0.0,4.0,10.0,39139.999401807785
463,463.0,0.0,11.0,0.0,39279.61244606972
464,464.0,0.0,7.0,10.0,39355.822196006775
465,465.0,0.0,3.0,10.0,39386.00146865845
466,466.0,0.0,5.0,10.0,39440.70607686043
467,467.0,0.0,3.0,10.0,39478.06955862045
468,468.0,0.0,10.0,10.0,39590.46772909165
469,469.0,0.0,6.0,10.0,39657.11086654663
470,470.0,0.0,11.0,0.0,39787.80441117287
471,471.0,0.0,6.0,10.0,39859.080473184586
472,472.0,0.0,2.0,10.0,39880.85040616989
473,473.0,0.0,8.0,10.0,39970.67605376244
474,474.0,0.0,3.0,10.0,40008.33405470848
475,475.0,0.0,5.0,10.0,40061.47252488136
476,476.0,0.0,11.0,0.0,40188.53293037415
477,477.0,0.0,1.0,10.0,40198.44758796692
478,478.0,0.0,2.0,10.0,40221.63254737854
479,479.0,0.0,10.0,10.0,40332.30810928345
480,480.0,0.0,11.0,0.0,40461.2574710846
481,481.0,0.0,11.0,0.0,40589.47305202484
482,482.0,0.0,2.0,10.0,40608.46225523949
483,483.0,0.0,3.0,10.0,40645.90593910217
484,484.0,0.0,1.0,10.0,40655.065448999405
485,485.0,0.0,11.0,0.0,40789.79685211182
486,486.0,0.0,8.0,10.0,40879.100002765656
487,487.0,0.0,1.0,10.0,40890.86225581169
488,488.0,0.0,11.0,0.0,41023.86719942093
489,489.0,0.0,11.0,0.0,41151.57153081894
490,490.0,0.0,11.0,10.0,41274.94612598419
491,491.0,0.0,11.0,0.0,41415.21590828896
492,492.0,0.0,6.0,10.0,41488.37920880318
493,493.0,0.0,2.0,10.0,41509.05474638939
494,494.0,0.0,3.0,10.0,41543.96808624268
495,495.0,0.0,11.0,0.0,41667.05895209312
496,496.0,0.0,5.0,10.0,41717.34338736534
497,497.0,0.0,11.0,0.0,41856.29736614227
498,498.0,0.0,11.0,0.0,41980.69864153862
499,499.0,0.0,7.0,10.0,42060.69348812103
500,500.0,0.0,11.0,0.0,42185.455359220505
501,501.0,0.0,11.0,0.0,42310.04164433479
502,502.0,0.0,3.0,10.0,42343.04761981964
503,503.0,0.0,2.0,10.0,42364.56857919693
504,504.0,0.0,8.0,10.0,42453.59491086006
505,505.0,0.0,7.0,10.0,42531.54315328598
506,506.0,0.0,2.0,10.0,42551.76036763191
507,507.0,0.0,6.0,10.0,42619.125094890594
508,508.0,0.0,4.0,10.0,42663.03472280502
509,509.0,0.0,8.0,10.0,42759.26875066757
510,510.0,0.0,5.0,10.0,42814.83299732208
511,511.0,0.0,10.0,10.0,42924.45021486282
512,512.0,0.0,11.0,0.0,43057.60445857048
513,513.0,0.0,5.0,10.0,43112.28515172005
514,514.0,0.0,1.0,10.0,43122.874450445175
515,515.0,0.0,8.0,10.0,43215.85333204269
516,516.0,0.0,8.0,10.0,43303.31644272804
517,517.0,0.0,4.0,10.0,43354.74839305878
518,518.0,0.0,5.0,10.0,43412.29049324989
519,519.0,0.0,3.0,10.0,43446.62662100792
520,520.0,0.0,3.0,10.0,43480.28194594383
521,521.0,0.0,5.0,10.0,43538.21743083
522,522.0,0.0,7.0,10.0,43617.34250879288
523,523.0,0.0,7.0,10.0,43702.96699762344
524,524.0,0.0,4.0,10.0,43745.31468915939
525,525.0,0.0,6.0,10.0,43818.443529605865
526,526.0,0.0,11.0,0.0,43949.720527887344
527,527.0,0.0,1.0,10.0,43961.12858724594
528,528.0,0.0,11.0,0.0,44100.10901355744
529,529.0,0.0,11.0,10.0,44239.317177295685
530,530.0,0.0,8.0,10.0,44325.006227731705
531,531.0,0.0,11.0,0.0,44453.361793756485
532,532.0,0.0,1.0,10.0,44462.05137753487
533,533.0,0.0,1.0,10.0,44472.75175666809
534,534.0,0.0,3.0,10.0,44506.81809210777
535,535.0,0.0,3.0,10.0,44538.59565925598
536,536.0,0.0,2.0,10.0,44560.86117935181
537,537.0,0.0,6.0,10.0,44629.26039290428
538,538.0,0.0,6.0,10.0,44693.920388937
539,539.0,0.0,2.0,10.0,44715.3326318264
540,540.0,0.0,11.0,0.0,44845.99709606171
541,541.0,0.0,6.0,10.0,44910.09233593941
542,542.0,0.0,7.0,10.0,44998.963099718094
543,543.0,0.0,11.0,10.0,45120.54973363876
544,544.0,0.0,11.0,0.0,45242.61832642555
545,545.0,0.0,11.0,0.0,45370.79056978226
546,546.0,0.0,6.0,10.0,45457.839951753616
547,547.0,0.0,4.0,10.0,45505.27246284485
548,548.0,0.0,9.0,10.0,45616.69561934471
549,549.0,0.0,9.0,10.0,45718.52212071419
550,550.0,0.0,11.0,0.0,45842.21620225906
551,551.0,0.0,8.0,10.0,45930.23347496986
552,552.0,0.0,7.0,10.0,46010.14797925949
553,553.0,0.0,10.0,10.0,46119.61238837242
554,554.0,0.0,1.0,10.0,46129.74901866913
555,555.0,0.0,11.0,0.0,46254.32292890549
556,556.0,0.0,10.0,10.0,46364.46874165535
557,557.0,0.0,4.0,10.0,46409.19632434845
558,558.0,0.0,11.0,0.0,46534.200820446014
559,559.0,0.0,5.0,10.0,46588.52505779266
560,560.0,0.0,11.0,0.0,46723.94504117966
561,561.0,0.0,11.0,0.0,46850.45739507675
562,562.0,0.0,8.0,10.0,46949.67317724228
563,563.0,0.0,11.0,0.0,47079.4630947113
564,564.0,0.0,11.0,0.0,47208.17191457749
565,565.0,0.0,11.0,10.0,47330.301255226135
566,566.0,0.0,7.0,10.0,47407.69856309891
567,567.0,0.0,6.0,10.0,47481.561185121536
568,568.0,0.0,11.0,0.0,47609.0160150528
569,569.0,0.0,8.0,10.0,47698.802263736725
570,570.0,0.0,11.0,0.0,47822.91776204109
571,571.0,0.0,7.0,10.0,47905.6900613308
572,572.0,0.0,11.0,0.0,48040.41463947296
573,573.0,0.0,4.0,10.0,48085.15737533569
574,574.0,0.0,11.0,0.0,48211.2173511982
575,575.0,0.0,9.0,10.0,48314.79138875008
576,576.0,0.0,11.0,0.0,48447.44549703598
577,577.0,0.0,11.0,0.0,48581.29390883446
578,578.0,0.0,11.0,0.0,48718.10952425003
579,579.0,0.0,11.0,10.0,48849.330536842346
580,580.0,0.0,6.0,10.0,48920.7942750454
581,581.0,0.0,2.0,10.0,48940.88247728348
582,582.0,0.0,5.0,10.0,48999.149398088455
583,583.0,0.0,4.0,10.0,49041.76140522957
584,584.0,0.0,11.0,0.0,49170.85920214653
585,585.0,0.0,8.0,10.0,49276.5812022686
586,586.0,0.0,11.0,0.0,49402.15033769608
587,587.0,0.0,6.0,10.0,49472.73595643044
588,588.0,0.0,5.0,10.0,49527.73227596283
589,589.0,0.0,11.0,10.0,49655.45608949661
590,590.0,0.0,8.0,10.0,49746.81612300873
591,591.0,0.0,5.0,10.0,49804.23624634743
592,592.0,0.0,1.0,10.0,49815.47066307068
593,593.0,0.0,4.0,10.0,49868.11655712128
594,594.0,0.0,11.0,10.0,49991.60067176819
595,595.0,0.0,7.0,10.0,50074.7772090435
596,596.0,0.0,5.0,10.0,50131.28407406807
597,597.0,0.0,8.0,10.0,50217.04340338707
598,598.0,0.0,3.0,10.0,50248.52379965782
599,599.0,0.0,1.0,10.0,50259.17286634445
600,600.0,0.0,5.0,10.0,50322.87001204491
601,601.0,0.0,6.0,10.0,50386.482283353806
602,602.0,0.0,4.0,10.0,50436.47176837921
603,603.0,0.0,11.0,0.0,50562.48509716988
604,604.0,0.0,9.0,10.0,50664.15809559822
605,605.0,0.0,2.0,10.0,50687.4288892746
606,606.0,0.0,9.0,10.0,50793.74505615234
607,607.0,0.0,8.0,10.0,50887.992512226105
608,608.0,0.0,8.0,10.0,50977.33009505272
609,609.0,0.0,9.0,10.0,51084.5176422596
610,610.0,0.0,2.0,10.0,51104.87615609169
611,611.0,0.0,11.0,0.0,51233.464013814926
612,612.0,0.0,6.0,10.0,51307.89944958687
613,613.0,0.0,7.0,10.0,51385.23801922798
614,614.0,0.0,5.0,10.0,51440.62093734741
615,615.0,0.0,11.0,0.0,51579.99778795242
616,616.0,0.0,9.0,10.0,51680.610622406006
617,617.0,0.0,9.0,10.0,51780.332149505615
618,618.0,0.0,11.0,0.0,51912.7867205143
619,619.0,0.0,1.0,10.0,51924.47205257416
620,620.0,0.0,3.0,10.0,51958.50235581398
621,621.0,0.0,2.0,10.0,51979.91282105446
622,622.0,0.0,10.0,10.0,52104.85187792778
623,623.0,0.0,11.0,0.0,52232.93553733826
624,624.0,0.0,1.0,10.0,52244.453887462616
625,625.0,0.0,6.0,10.0,52323.066647052765
626,626.0,0.0,9.0,10.0,52429.79956173897
627,627.0,0.0,11.0,10.0,52554.88575387001
628,628.0,0.0,11.0,0.0,52677.463227272034
629,629.0,0.0,5.0,10.0,52735.8674223423
630,630.0,0.0,11.0,0.0,52870.59015059471
631,631.0,0.0,11.0,0.0,53000.06609249115
632,632.0,0.0,6.0,10.0,53072.98911833763
633,633.0,0.0,9.0,10.0,53175.86445307732
634,634.0,0.0,3.0,10.0,53210.3471801281
635,635.0,0.0,11.0,0.0,53351.17567849159
636,636.0,0.0,11.0,0.0,53503.68188524246
637,637.0,0.0,8.0,10.0,53595.00504779816
638,638.0,0.0,3.0,10.0,53632.22971534729
639,639.0,0.0,11.0,0.0,53767.84069299698
640,640.0,0.0,11.0,0.0,53898.53902029991
641,641.0,0.0,11.0,10.0,54022.30193710327
642,642.0,0.0,9.0,10.0,54127.01145505905
643,643.0,0.0,11.0,0.0,54258.92868232727
644,644.0,0.0,11.0,0.0,54392.64350700378
645,645.0,0.0,4.0,10.0,54436.97180056572
646,646.0,0.0,9.0,10.0,54544.91712236405
647,647.0,0.0,3.0,10.0,54579.729712724686
648,648.0,0.0,5.0,10.0,54641.12219142914
649,649.0,0.0,4.0,10.0,54683.47800421715
650,650.0,0.0,11.0,0.0,54812.20422387123
651,651.0,0.0,4.0,10.0,54862.987105846405
652,652.0,0.0,3.0,10.0,54893.089983940125
653,653.0,0.0,2.0,10.0,54911.53837800026
654,654.0,0.0,11.0,0.0,55040.47842693329
655,655.0,0.0,3.0,10.0,55070.48828482628
656,656.0,0.0,4.0,10.0,55123.20924496651
657,657.0,0.0,2.0,10.0,55143.600464344025
658,658.0,0.0,8.0,10.0,55242.46847701073
659,659.0,0.0,5.0,10.0,55311.069407224655
660,660.0,0.0,5.0,10.0,55366.8238325119
661,661.0,0.0,9.0,10.0,55469.168595314026
662,662.0,0.0,11.0,0.0,55606.83817625046
663,663.0,0.0,5.0,10.0,55668.83411788941
664,664.0,0.0,5.0,10.0,55722.612198352814
665,665.0,0.0,6.0,10.0,55799.67270851135
666,666.0,0.0,6.0,10.0,55865.40978837013
667,667.0,0.0,11.0,0.0,55998.96717953682
668,668.0,0.0,6.0,10.0,56065.91291642189
669,669.0,0.0,11.0,0.0,56190.92970490456
670,670.0,0.0,2.0,10.0,56216.74307537079
671,671.0,0.0,11.0,0.0,56340.11263847351
672,672.0,0.0,11.0,0.0,56473.9341070652
673,673.0,0.0,11.0,0.0,56600.39991760254
674,674.0,0.0,5.0,10.0,56653.49904131889
675,675.0,0.0,8.0,10.0,56746.79045510292
676,676.0,0.0,8.0,10.0,56848.71994638443
677,677.0,0.0,11.0,0.0,56979.379828214645
678,678.0,0.0,7.0,10.0,57056.896920681
679,679.0,0.0,8.0,10.0,57146.12743258476
680,680.0,0.0,5.0,10.0,57199.12883830071
681,681.0,0.0,11.0,0.0,57332.65497279167
682,682.0,0.0,10.0,10.0,57444.19597053528
683,683.0,0.0,1.0,10.0,57455.77881503105
684,684.0,0.0,1.0,10.0,57464.48957681656
685,685.0,0.0,4.0,10.0,57508.41189408302
686,686.0,0.0,10.0,10.0,57625.97336506844
687,,0.0,0.0,0.0,3.1941943168640137
688,,0.0,0.0,0.0,3.7856080532073975
689,,0.0,3.0,10.0,36.315099000930786
690,,0.0,3.0,10.0,72.66892743110657
691,,0.0,8.0,10.0,164.32506251335144
692,,0.0,2.0,10.0,185.65318131446838
693,,0.0,7.0,10.0,268.4086675643921
694,,0.0,2.0,10.0,289.09107422828674
695,,0.0,7.0,10.0,369.97866702079773
696,,0.0,11.0,0.0,498.7292604446411
697,,0.0,11.0,0.0,630.9685106277466
698,,0.0,11.0,0.0,759.1341125965118
699,,0.0,3.0,10.0,794.9272022247314
700,,0.0,11.0,0.0,923.2545824050903
701,,0.0,5.0,10.0,986.3479669094086
702,,0.0,5.0,10.0,1047.8116245269775
703,,0.0,11.0,0.0,1180.8073320388794
704,,0.0,8.0,10.0,1272.8876159191132
705,,0.0,9.0,10.0,1378.35826587677
706,,0.0,3.0,10.0,1410.1575667858124
707,,0.0,7.0,10.0,1492.4514274597168
708,,0.0,11.0,0.0,1621.5124974250793
709,,0.0,8.0,10.0,1722.0322902202606
710,,0.0,11.0,0.0,1863.6834902763367
711,,0.0,11.0,0.0,1992.7642993927002
712,,0.0,4.0,10.0,2036.9382824897766
713,,0.0,6.0,10.0,2105.8100728988647
714,,0.0,3.0,10.0,2140.6268842220306
715,,0.0,11.0,0.0,2279.3030681610107
716,,0.0,11.0,0.0,2410.7559287548065
717,,0.0,9.0,10.0,2515.830299139023
718,,0.0,9.0,10.0,2621.1429510116577
719,,0.0,11.0,0.0,2750.3868017196655
720,,0.0,6.0,10.0,2820.4479084014893
721,,0.0,11.0,0.0,2949.994358778
722,,0.0,11.0,0.0,3076.776360988617
723,,0.0,11.0,0.0,3209.9276196956635
724,,0.0,5.0,10.0,3269.4700553417206
725,,0.0,2.0,10.0,3292.7712008953094
726,,0.0,6.0,10.0,3363.9357511997223
727,,0.0,8.0,10.0,3456.6828804016113
728,,0.0,1.0,10.0,3468.4496669769287
729,,0.0,11.0,0.0,3612.396023273468
730,,0.0,1.0,10.0,3624.126410007477
731,,0.0,11.0,0.0,3754.6560456752777
732,,0.0,6.0,10.0,3822.7636313438416
733,,0.0,5.0,10.0,3875.7202746868134
734,,0.0,11.0,0.0,4005.7235612869263
735,,0.0,6.0,10.0,4075.655417919159
736,,0.0,10.0,10.0,4190.009313583374
737,,0.0,1.0,10.0,4198.926615953445
738,,0.0,10.0,10.0,4323.182371139526
739,,0.0,5.0,10.0,4381.35892701149
740,,0.0,2.0,10.0,4404.665361166
741,,0.0,11.0,0.0,4534.994133472443
742,,0.0,4.0,10.0,4581.17414188385
743,,0.0,11.0,10.0,4710.597853183746
744,,0.0,7.0,10.0,4790.229336500168
745,,0.0,3.0,10.0,4825.838493585587
746,,0.0,6.0,10.0,4897.088170528412
747,,0.0,6.0,10.0,4967.750549077988
748,,0.0,2.0,10.0,4990.123888254166
749,,0.0,7.0,10.0,5073.108644962311
750,,0.0,11.0,0.0,5209.08034825325
751,,0.0,4.0,10.0,5252.744891881943
752,,0.0,2.0,10.0,5272.0146651268005
753,,0.0,9.0,10.0,5375.624288082123
754,,0.0,11.0,0.0,5507.243480682373
755,,0.0,6.0,10.0,5574.984505414963
756,,0.0,3.0,10.0,5607.738342523575
757,,0.0,9.0,10.0,5709.701821088791
758,,0.0,3.0,10.0,5741.778380155563
759,,0.0,2.0,10.0,5761.700337171555
760,,0.0,8.0,10.0,5854.823943138123
761,,0.0,8.0,10.0,5947.354821205139
762,,0.0,11.0,0.0,6091.796805381775
763,,0.0,8.0,10.0,6180.515191793442
764,,0.0,11.0,0.0,6311.858132839203
765,,0.0,5.0,10.0,6369.418833255768
766,,0.0,4.0,10.0,6414.925318956375
767,,0.0,1.0,10.0,6422.9724543094635
768,,0.0,4.0,10.0,6467.5306985378265
769,,0.0,7.0,10.0,6545.398779392242
770,,0.0,1.0,10.0,6555.515168190002
771,,0.0,11.0,0.0,6687.486118555069
772,,0.0,7.0,10.0,6768.543934583664
773,,0.0,7.0,10.0,6850.946659564972
774,,0.0,7.0,10.0,6938.956805467606
775,,0.0,2.0,10.0,6961.684735774994
776,,0.0,6.0,10.0,7030.544773101807
777,,0.0,5.0,10.0,7092.116178512573
778,,0.0,4.0,10.0,7135.185062885284
779,,0.0,11.0,10.0,7261.623504400253
780,,0.0,11.0,0.0,7390.349580526352
781,,0.0,11.0,0.0,7519.238471746445
782,,0.0,6.0,10.0,7591.554061889648
783,,0.0,11.0,0.0,7721.578825235367
784,,0.0,6.0,10.0,7791.303439617157
785,,0.0,8.0,10.0,7884.173798322678
786,,0.0,7.0,10.0,7961.532159090042
787,,0.0,11.0,10.0,8086.083961009979
788,,0.0,7.0,10.0,8171.373016119003
789,,0.0,4.0,10.0,8216.221107006073
790,,0.0,5.0,10.0,8273.61904835701
791,,0.0,11.0,0.0,8401.445469617844
792,,0.0,11.0,0.0,8530.235763311386
793,,0.0,9.0,10.0,8631.016625404358
794,,0.0,10.0,10.0,8748.197072029114
795,,0.0,1.0,10.0,8758.773841381073
796,,0.0,3.0,10.0,8793.60736823082
797,,0.0,8.0,10.0,8886.434801578522
798,,0.0,3.0,10.0,8917.672413110733
799,,0.0,6.0,10.0,8983.2786962986
800,,0.0,11.0,0.0,9113.143212556839
801,,0.0,5.0,10.0,9166.571328401566
802,,0.0,3.0,10.0,9203.53161406517
803,,0.0,6.0,10.0,9274.562546730042
804,,0.0,6.0,10.0,9341.478363275528
805,,0.0,4.0,10.0,9386.446954488754
806,,0.0,11.0,0.0,9515.37010383606
807,,0.0,8.0,10.0,9604.668414115906
808,,0.0,11.0,0.0,9735.462820529938
809,,0.0,9.0,10.0,9841.897902965546
810,,0.0,11.0,0.0,9985.587891340256
811,,0.0,8.0,10.0,10079.531336784363
812,,0.0,4.0,10.0,10125.914860010147
813,,0.0,1.0,10.0,10136.54281258583
814,,0.0,6.0,10.0,10203.61284828186
815,,0.0,11.0,0.0,10333.220587015152
816,,0.0,10.0,10.0,10446.267960309982
817,,0.0,2.0,10.0,10467.044591665268
818,,0.0,11.0,0.0,10602.796310901642
819,,0.0,11.0,0.0,10730.63207912445
820,,0.0,11.0,0.0,10866.782101631165
821,,0.0,2.0,10.0,10886.452491998672
822,,0.0,2.0,10.0,10907.473876714706
823,,0.0,2.0,10.0,10928.476025342941
824,,0.0,5.0,10.0,10983.075936794281
825,,0.0,4.0,10.0,11028.8236618042
826,,0.0,4.0,10.0,11069.858086824417
827,,0.0,2.0,10.0,11091.699430704117
828,,0.0,5.0,10.0,11147.003348588943
829,,0.0,3.0,10.0,11181.82166814804
830,,0.0,6.0,10.0,11254.52569937706
831,,0.0,9.0,10.0,11357.297809123993
832,,0.0,2.0,10.0,11375.25025677681
833,,0.0,11.0,0.0,11503.00907087326
834,,0.0,3.0,10.0,11536.108569145203
835,,0.0,11.0,0.0,11668.523243427277
836,,0.0,11.0,10.0,11796.567191362381
837,,0.0,2.0,10.0,11815.929310321808
838,,0.0,5.0,10.0,11870.624329566956
839,,0.0,3.0,10.0,11903.743002176285
840,,0.0,4.0,10.0,11948.986186504364
841,,0.0,7.0,10.0,12030.200189352036
842,,0.0,11.0,0.0,12166.003305196762
843,,0.0,7.0,10.0,12243.80667591095
844,,0.0,8.0,10.0,12331.432403087616
845,,0.0,5.0,10.0,12386.722053289413
846,,0.0,11.0,0.0,12520.447041988373
847,,0.0,11.0,0.0,12648.090053796768
848,,0.0,6.0,10.0,12715.195868968964
849,,0.0,1.0,10.0,12727.375425815582
850,,0.0,4.0,10.0,12771.999880075455
851,,0.0,2.0,10.0,12795.914133310318
852,,0.0,5.0,10.0,12854.555605888367
853,,0.0,2.0,10.0,12874.457660913467
854,,0.0,1.0,10.0,12885.012169837952
855,,0.0,4.0,10.0,12932.930931329727
856,,0.0,3.0,10.0,12968.915894269943
857,,0.0,4.0,10.0,13013.40552020073
858,,0.0,4.0,10.0,13058.182937860489
859,,0.0,11.0,0.0,13191.053731918335
860,,0.0,6.0,10.0,13258.523067951202
861,,0.0,3.0,10.0,13292.177724123001
862,,0.0,11.0,0.0,13427.914182424545
863,,0.0,4.0,10.0,13473.985048294067
864,,0.0,9.0,10.0,13581.037710905075
865,,0.0,9.0,10.0,13682.241029500961
866,,0.0,11.0,10.0,13809.91306233406
867,,0.0,9.0,10.0,13927.54176735878
868,,0.0,8.0,10.0,14020.171818256378
869,,0.0,3.0,10.0,14053.3254134655
870,,0.0,4.0,10.0,14102.824847221375
871,,0.0,11.0,0.0,14233.234668016434
872,,0.0,2.0,10.0,14253.668494224548
873,,0.0,11.0,0.0,14383.102223157883
874,,0.0,2.0,10.0,14405.479239702225
875,,0.0,2.0,10.0,14426.469918012619
876,,0.0,3.0,10.0,14462.07727098465
877,,0.0,4.0,10.0,14505.906130075455
878,,0.0,2.0,10.0,14527.395457029343
879,,0.0,5.0,10.0,14586.67019367218
880,,0.0,9.0,10.0,14693.669040203094
881,,0.0,6.0,10.0,14759.060956001282
882,,0.0,9.0,10.0,14860.757967233658
883,,0.0,4.0,10.0,14908.293025970459
884,,0.0,11.0,0.0,15043.191056728363
885,,0.0,7.0,10.0,15124.641627788544
886,,0.0,8.0,10.0,15214.093585968018
887,,0.0,8.0,10.0,15306.584867238998
888,,0.0,11.0,0.0,15435.70372414589
889,,0.0,5.0,10.0,15493.720417499542
890,,0.0,3.0,10.0,15529.154253721237
891,,0.0,8.0,10.0,15620.427462816238
892,,0.0,6.0,10.0,15687.724853754044
893,,0.0,4.0,10.0,15732.650025129318
894,,0.0,11.0,0.0,15863.181773662567
895,,0.0,11.0,0.0,15996.112752199173
896,,0.0,4.0,10.0,16043.025800466537
897,,0.0,11.0,0.0,16176.215938091278
898,,0.0,5.0,10.0,16234.416791200638
899,,0.0,8.0,10.0,16323.806976795197
900,,0.0,2.0,10.0,16343.666476488113
901,,0.0,5.0,10.0,16403.633239984512
902,,0.0,6.0,10.0,16472.755885362625
903,,0.0,11.0,0.0,16606.904841899872
904,,0.0,4.0,10.0,16657.463582754135
905,,0.0,6.0,10.0,16728.782067775726
906,,0.0,11.0,0.0,16857.848239660263
907,,0.0,8.0,10.0,16950.899397611618
908,,0.0,6.0,10.0,17024.458651065826
909,,0.0,11.0,0.0,17162.02411222458
910,,0.0,11.0,0.0,17292.44867324829
911,,0.0,9.0,10.0,17395.96026778221
912,,0.0,11.0,0.0,17537.55424284935
913,,0.0,5.0,10.0,17594.08590912819
914,,0.0,6.0,10.0,17666.929848194122
915,,0.0,6.0,10.0,17732.851598262787
916,,0.0,1.0,10.0,17741.90710902214
917,,0.0,9.0,10.0,17842.48967218399
918,,0.0,10.0,10.0,17956.47279715538
919,,0.0,5.0,10.0,18014.619542837143
920,,0.0,5.0,10.0,18070.882294654846
921,,0.0,1.0,10.0,18078.846766233444
922,,0.0,11.0,0.0,18209.094161510468
923,,0.0,11.0,0.0,18341.056164503098
924,,0.0,8.0,10.0,18434.035562753677
925,,0.0,2.0,10.0,18453.842138767242
926,,0.0,11.0,0.0,18586.51814389229
927,,0.0,4.0,10.0,18633.95909023285
928,,0.0,4.0,10.0,18681.494727134705
929,,0.0,5.0,10.0,18739.370271921158
930,,0.0,3.0,10.0,18770.262182474136
931,,0.0,1.0,10.0,18781.573268413544
932,,0.0,5.0,10.0,18837.795375585556
933,,0.0,11.0,10.0,18970.272582769394
934,,0.0,2.0,10.0,18992.83872652054
935,,0.0,11.0,0.0,19122.771964788437
936,,0.0,10.0,10.0,19236.214601039886
937,,0.0,11.0,0.0,19366.611473321915
938,,0.0,4.0,10.0,19409.397612333298
939,,0.0,11.0,0.0,19538.529096126556
940,,0.0,2.0,10.0,19561.485662460327
941,,0.0,11.0,0.0,19693.437827587128
942,,0.0,11.0,0.0,19824.4971575737
943,,0.0,3.0,10.0,19857.098188638687
944,,0.0,11.0,0.0,19996.319746017456
945,,0.0,11.0,0.0,20127.52840256691
946,,0.0,11.0,0.0,20260.67945075035
947,,0.0,3.0,10.0,20292.450715780258
948,,0.0,8.0,10.0,20383.937402248383
949,,0.0,5.0,10.0,20439.39774799347
950,,0.0,11.0,0.0,20568.86852478981
951,,0.0,11.0,10.0,20693.352150917053
952,,0.0,11.0,0.0,20823.857219696045
953,,0.0,9.0,10.0,20925.90272283554
954,,0.0,2.0,10.0,20946.328473329544
955,,0.0,4.0,10.0,20989.82209777832
956,,0.0,7.0,10.0,21070.108350515366
957,,0.0,1.0,10.0,21081.574561357498
958,,0.0,7.0,10.0,21171.08505821228
959,,0.0,9.0,10.0,21279.932945251465
960,,0.0,10.0,10.0,21391.74315071106
961,,0.0,11.0,10.0,21519.468891382217
962,,0.0,11.0,0.0,21648.357634305954
963,,0.0,4.0,10.0,21693.57054042816
964,,0.0,11.0,10.0,21819.23672389984
965,,0.0,4.0,10.0,21866.41717004776
966,,0.0,10.0,10.0,21978.545505046844
967,,0.0,4.0,10.0,22020.720982313156
968,,0.0,11.0,10.0,22147.394761800766
969,,0.0,6.0,10.0,22215.12728524208
970,,0.0,8.0,10.0,22311.144999027252
971,,0.0,11.0,0.0,22448.925938367844
972,,0.0,4.0,10.0,22496.108424425125
973,,0.0,11.0,0.0,22630.06748843193
974,,0.0,11.0,0.0,22765.41868329048
975,,0.0,11.0,0.0,22901.920318603516
976,,0.0,11.0,10.0,23033.299906015396
977,,0.0,10.0,10.0,23143.817435741425
978,,0.0,1.0,10.0,23151.555160999298
979,,0.0,2.0,10.0,23174.53039932251
980,,0.0,11.0,0.0,23305.743231534958
981,,0.0,8.0,10.0,23397.00345301628
982,,0.0,11.0,0.0,23531.00605082512
983,,0.0,11.0,0.0,23658.654373168945
984,,0.0,5.0,10.0,23718.223791360855
985,,0.0,11.0,10.0,23842.4675052166
986,,0.0,6.0,10.0,23909.54829931259
987,,0.0,3.0,10.0,23943.024211883545
988,,0.0,11.0,10.0,24074.420144557953
989,,0.0,6.0,10.0,24141.91325235367
990,,0.0,10.0,10.0,24255.13888669014
991,,0.0,3.0,10.0,24289.464789628983
992,,0.0,5.0,10.0,24350.74149942398
993,,0.0,4.0,10.0,24394.00571155548
994,,0.0,4.0,10.0,24437.950561523438
995,,0.0,1.0,10.0,24448.795921564102
996,,0.0,10.0,10.0,24568.051328897476
997,,0.0,1.0,10.0,24579.515359401703
998,,0.0,3.0,10.0,24614.92231988907
999,,0.0,2.0,10.0,24634.73037672043
1000,,0.0,4.0,10.0,24681.409294843674
1001,,0.0,11.0,0.0,24818.97252392769
1002,,0.0,6.0,10.0,24885.838790655136
1003,,0.0,11.0,0.0,25019.238521575928
1004,,0.0,1.0,10.0,25028.64004421234
1005,,0.0,9.0,10.0,25131.992712020874
1006,,0.0,11.0,0.0,25261.44497346878
1007,,0.0,8.0,10.0,25356.26092171669
1008,,0.0,1.0,10.0,25365.77255678177
1009,,0.0,3.0,10.0,25399.57425880432
1010,,0.0,1.0,10.0,25408.474719762802
1011,,0.0,3.0,10.0,25442.396101236343
1012,,0.0,11.0,10.0,25569.992228269577
1013,,0.0,6.0,10.0,25640.583400964737
1014,,0.0,5.0,10.0,25696.074929714203
1015,,0.0,11.0,0.0,25833.76375937462
1016,,0.0,2.0,10.0,25855.61883378029
1017,,0.0,1.0,10.0,25865.822591543198
1018,,0.0,7.0,10.0,25945.532482624054
1019,,0.0,2.0,10.0,25966.01234436035
1020,,0.0,3.0,10.0,25999.657764434814
1021,,0.0,5.0,10.0,26055.560849666595
1022,,0.0,6.0,10.0,26123.557689666748
1023,,0.0,2.0,10.0,26147.1778216362
1024,,0.0,11.0,0.0,26291.459693670273
1025,,0.0,3.0,10.0,26323.494325637817
1026,,0.0,11.0,0.0,26457.42223262787
1027,,0.0,5.0,10.0,26514.1434571743
1028,,0.0,11.0,0.0,26651.89582133293
1029,,0.0,5.0,10.0,26704.720304250717
1030,,0.0,11.0,0.0,26842.931977033615
1031,,0.0,6.0,10.0,26909.37974524498
1032,,0.0,3.0,10.0,26939.597256422043
1033,,0.0,11.0,0.0,27080.247477054596
1034,,0.0,11.0,0.0,27208.863040447235
1035,,0.0,5.0,10.0,27263.157099962234
1036,,0.0,2.0,10.0,27284.497158050537
1037,,0.0,5.0,10.0,27340.45951318741
1038,,0.0,11.0,0.0,27471.911514282227
1039,,0.0,8.0,10.0,27561.440652370453
1040,,0.0,9.0,10.0,27665.659669160843
1041,,0.0,6.0,10.0,27736.769963741302
1042,,0.0,1.0,10.0,27745.78923392296
1043,,0.0,11.0,0.0,27873.961889982224
1044,,0.0,6.0,10.0,27953.477020263672
1045,,0.0,11.0,0.0,28089.54432797432
1046,,0.0,5.0,10.0,28144.617426156998
1047,,0.0,11.0,0.0,28273.194237709045
1048,,0.0,4.0,10.0,28319.38305568695
1049,,0.0,6.0,10.0,28390.600692749023
1050,,0.0,8.0,10.0,28482.576590776443
1051,,0.0,11.0,0.0,28616.29028391838
1052,,0.0,2.0,10.0,28639.071589946747
1053,,0.0,3.0,10.0,28673.172654628754
1054,,0.0,11.0,0.0,28808.405342578888
1055,,0.0,6.0,10.0,28881.40421962738
1056,,0.0,7.0,10.0,28961.467547893524
1057,,0.0,11.0,0.0,29094.38076066971
1058,,0.0,3.0,10.0,29127.783510684967
1059,,0.0,11.0,0.0,29257.74226474762
1060,,0.0,4.0,10.0,29308.47322154045
1061,,0.0,6.0,10.0,29376.695354938507
1062,,0.0,10.0,10.0,29490.80309009552
1063,,0.0,8.0,10.0,29579.689185380936
1064,,0.0,7.0,10.0,29659.02881503105
1065,,0.0,8.0,10.0,29747.526086568832
1066,,0.0,5.0,10.0,29805.51758956909
1067,,0.0,5.0,10.0,29859.929310321808
1068,,0.0,5.0,10.0,29914.960342884064
1069,,0.0,5.0,10.0,29972.461287736893
1070,,0.0,2.0,10.0,29993.648743867874
1071,,0.0,8.0,10.0,30086.779941797256
1072,,0.0,10.0,10.0,30204.26165342331
1073,,0.0,8.0,10.0,30294.252705574036
1074,,0.0,5.0,10.0,30353.08436536789
1075,,0.0,7.0,10.0,30433.023327112198
1076,,0.0,7.0,10.0,30512.871387004852
1077,,0.0,4.0,10.0,30557.348358392715
1078,,0.0,8.0,10.0,30651.347827911377
1079,,0.0,3.0,10.0,30683.95886039734
1080,,0.0,4.0,10.0,30728.98816037178
1081,,0.0,3.0,10.0,30763.77989768982
1082,,0.0,4.0,10.0,30810.683042287827
1083,,0.0,1.0,10.0,30818.12345099449
1084,,0.0,4.0,10.0,30864.486076831818
1085,,0.0,2.0,10.0,30885.114634752274
1086,,0.0,8.0,10.0,30984.012792110443
1087,,0.0,11.0,0.0,31134.03115081787
1088,,0.0,6.0,10.0,31203.23455929756
1089,,0.0,7.0,10.0,31282.25089597702
1090,,0.0,5.0,10.0,31339.92215847969
1091,,0.0,9.0,10.0,31442.20369553566
1092,,0.0,11.0,0.0,31572.942479610443
1093,,0.0,11.0,0.0,31710.29765343666
1094,,0.0,4.0,10.0,31754.2810819149
1095,,0.0,4.0,10.0,31803.01781821251
1096,,0.0,11.0,10.0,31930.49054455757
1097,,0.0,3.0,10.0,31962.920323610306
1098,,0.0,11.0,0.0,32091.426981925964
1099,,0.0,7.0,10.0,32170.316390514374
1100,,0.0,5.0,10.0,32231.273988723755
1101,,0.0,8.0,10.0,32327.42713713646
1102,,0.0,1.0,10.0,32336.860521793365
1103,,0.0,11.0,0.0,32465.4520881176
1104,,0.0,6.0,10.0,32532.854047060013
1105,,0.0,7.0,10.0,32616.163531064987
1106,,0.0,6.0,10.0,32682.456396579742
1107,,0.0,11.0,0.0,32808.95504808426
1108,,0.0,11.0,0.0,32940.21620130539
1109,,0.0,2.0,10.0,32958.86885070801
1110,,0.0,5.0,10.0,33016.249975442886
1111,,0.0,11.0,0.0,33148.10464549065
1112,,0.0,3.0,10.0,33182.70637726784
1113,,0.0,8.0,10.0,33278.31560611725
1114,,0.0,6.0,10.0,33345.2037858963
1115,,0.0,11.0,0.0,33473.81573796272
1116,,0.0,11.0,0.0,33603.685633420944
1117,,0.0,9.0,10.0,33704.353496551514
1118,,0.0,7.0,10.0,33789.145285367966
1119,,0.0,3.0,10.0,33819.34154033661
1120,,0.0,11.0,10.0,33952.054599285126
1121,,0.0,7.0,10.0,34039.4907310009
1122,,0.0,11.0,0.0,34172.533986091614
1123,,0.0,3.0,10.0,34206.6861679554
1124,,0.0,3.0,10.0,34238.96970653534
1125,,0.0,5.0,10.0,34300.19572353363
1126,,0.0,5.0,10.0,34357.15554857254
1127,,0.0,2.0,10.0,34379.180644750595
1128,,0.0,11.0,0.0,34507.35946035385
1129,,0.0,9.0,10.0,34609.6821911335
1130,,0.0,11.0,0.0,34751.3184068203
1131,,0.0,1.0,10.0,34762.011531591415
1132,,0.0,2.0,10.0,34781.10080599785
1133,,0.0,3.0,10.0,34814.12951421738
1134,,0.0,11.0,0.0,34942.73684120178
1135,,0.0,3.0,10.0,34978.16170191765
1136,,0.0,4.0,10.0,35021.84023618698
1137,,0.0,3.0,10.0,35053.43928694725
1138,,0.0,6.0,10.0,35121.336889743805
1139,,0.0,11.0,10.0,35247.10782814026
1140,,0.0,2.0,10.0,35268.099071502686
1141,,0.0,2.0,10.0,35289.789340019226
1142,,0.0,7.0,10.0,35366.74273729324
1143,,0.0,6.0,10.0,35436.312913656235
1144,,0.0,11.0,0.0,35569.121317625046
1145,,0.0,7.0,10.0,35652.514686107635
1146,,0.0,2.0,10.0,35674.91155433655
1147,,0.0,2.0,10.0,35695.85192656517
1148,,0.0,3.0,10.0,35730.19025397301
1149,,0.0,3.0,10.0,35768.48184299469
1150,,0.0,11.0,0.0,35894.59035420418
1151,,0.0,11.0,0.0,36034.478414058685
1152,,0.0,11.0,0.0,36171.77469086647
1153,,0.0,7.0,10.0,36251.97229552269
1154,,0.0,10.0,10.0,36366.39027047157
1155,,0.0,11.0,10.0,36500.90237593651
1156,,0.0,1.0,10.0,36508.71046614647
1157,,0.0,3.0,10.0,36539.79468393326
1158,,0.0,11.0,0.0,36676.05892586708
1159,,0.0,2.0,10.0,36699.23319244385
1160,,0.0,11.0,0.0,36839.50303578377
1161,,0.0,7.0,10.0,36925.79698562622
1162,,0.0,3.0,10.0,36959.10201740265
1163,,0.0,11.0,10.0,37082.0442199707
1164,,0.0,3.0,10.0,37118.12786316872
1165,,0.0,11.0,0.0,37252.037438869476
1166,,0.0,4.0,10.0,37295.99968910217
1167,,0.0,9.0,10.0,37398.21100759506
1168,,0.0,11.0,0.0,37530.076276540756
1169,,0.0,2.0,10.0,37553.23013663292
1170,,0.0,5.0,10.0,37607.664152383804
1171,,0.0,2.0,10.0,37629.658231019974
1172,,0.0,11.0,10.0,37757.26144695282
1173,,0.0,9.0,10.0,37862.69252514839
1174,,0.0,7.0,10.0,37948.98072266579
1175,,0.0,11.0,0.0,38078.80309486389
1176,,0.0,6.0,10.0,38145.0431702137
1177,,0.0,4.0,10.0,38187.96603298187
1178,,0.0,2.0,10.0,38209.559898138046
1179,,0.0,1.0,10.0,38217.15676856041
1180,,0.0,4.0,10.0,38263.753819942474
1181,,0.0,3.0,10.0,38294.968456983566
1182,,0.0,11.0,10.0,38425.918838977814
1183,,0.0,11.0,0.0,38553.43988275528
1184,,0.0,2.0,10.0,38574.06618094444
1185,,0.0,3.0,10.0,38606.31104183197
1186,,0.0,11.0,0.0,38738.34030389786
1187,,0.0,6.0,10.0,38805.741626024246
1188,,0.0,11.0,0.0,38939.29216504097
1189,,0.0,10.0,10.0,39060.25509285927
1190,,0.0,10.0,10.0,39174.28485274315
1191,,0.0,8.0,10.0,39263.87442493439
1192,,0.0,3.0,10.0,39298.16547393799
1193,,0.0,11.0,0.0,39439.034938097
1194,,0.0,2.0,10.0,39458.86104488373
1195,,0.0,11.0,0.0,39589.52705717087
1196,,0.0,1.0,10.0,39599.99757313728
1197,,0.0,4.0,10.0,39647.176340818405
1198,,0.0,5.0,10.0,39703.64776968956
1199,,0.0,2.0,10.0,39723.86627316475
1200,,0.0,2.0,10.0,39745.130620718
1201,,0.0,3.0,10.0,39778.95005559921
1202,,0.0,3.0,10.0,39809.93711066246
1203,,0.0,2.0,10.0,39831.10368657112
1204,,0.0,11.0,0.0,39968.22056937218
1205,,0.0,9.0,10.0,40071.90096092224
1206,,0.0,5.0,10.0,40129.0806016922
1207,,0.0,10.0,10.0,40243.909326314926
1208,,0.0,9.0,10.0,40348.87767410278
1209,,0.0,11.0,0.0,40478.49722409248
1210,,0.0,4.0,10.0,40521.15395736694
1211,,0.0,9.0,10.0,40627.32045030594
1212,,0.0,11.0,0.0,40763.31000542641
1213,,0.0,11.0,0.0,40901.363233566284
1214,,0.0,4.0,10.0,40946.21742653847
1215,,0.0,4.0,10.0,40996.75072026253
1216,,0.0,5.0,10.0,41052.84869813919
1217,,0.0,6.0,10.0,41124.84242081642
1218,,0.0,2.0,10.0,41146.49463391304
1219,,0.0,11.0,0.0,41275.66431474686
1220,,0.0,11.0,10.0,41402.240303993225
1221,,0.0,5.0,10.0,41459.13203024864
1222,,0.0,9.0,10.0,41573.61172056198
1223,,0.0,11.0,10.0,41697.78661894798
1224,,0.0,5.0,10.0,41753.4684073925
1225,,0.0,3.0,10.0,41784.83181667328
1226,,0.0,3.0,10.0,41816.394048690796
1227,,0.0,9.0,10.0,41923.698927640915
1228,,0.0,7.0,10.0,42004.38865733147
1229,,0.0,6.0,10.0,42076.31235361099
1230,,0.0,4.0,10.0,42123.454188108444
1231,,0.0,4.0,10.0,42168.07837343216
1232,,0.0,1.0,10.0,42178.36838674545
1233,,0.0,2.0,10.0,42206.13093209267
1234,,0.0,11.0,0.0,42335.51763391495
1235,,0.0,6.0,10.0,42405.315339803696
1236,,0.0,6.0,10.0,42476.87141108513
1237,,0.0,10.0,10.0,42589.94786262512
1238,,0.0,3.0,10.0,42624.43600940704
1239,,0.0,7.0,10.0,42702.773888111115
1240,,0.0,4.0,10.0,42757.30272483826
1241,,0.0,2.0,10.0,42779.300510406494
1242,,0.0,3.0,10.0,42815.912954330444
1243,,0.0,6.0,10.0,42889.669845342636
1244,,0.0,6.0,10.0,42957.85159063339
1245,,0.0,9.0,10.0,43061.16782164574
1246,,0.0,5.0,10.0,43120.98642063141
1247,,0.0,7.0,10.0,43199.147356987
1248,,0.0,4.0,10.0,43246.2898144722
1249,,0.0,3.0,10.0,43279.98403549194
1250,,0.0,11.0,0.0,43408.87134003639
1251,,0.0,5.0,10.0,43467.88021564484
1252,,0.0,11.0,0.0,43597.44289922714
1253,,0.0,11.0,10.0,43732.130902051926
1254,,0.0,11.0,0.0,43876.045363903046
1255,,0.0,3.0,10.0,43907.01273345947
1256,,0.0,7.0,10.0,43995.145766973495
1257,,0.0,1.0,10.0,44005.30397605896
1258,,0.0,6.0,10.0,44076.22294521332
1259,,0.0,5.0,10.0,44133.295894145966
1260,,0.0,10.0,10.0,44249.1758415699
1261,,0.0,6.0,10.0,44322.41261386871
1262,,0.0,11.0,0.0,44456.7973048687
1263,,0.0,11.0,0.0,44588.46281003952
1264,,0.0,10.0,10.0,44704.550812482834
1265,,0.0,3.0,10.0,44741.46308302879
1266,,0.0,6.0,10.0,44810.396684885025
1267,,0.0,11.0,0.0,44948.34801030159
1268,,0.0,2.0,10.0,44970.16199684143
1269,,0.0,2.0,10.0,44993.568016052246
1270,,0.0,3.0,10.0,45028.06321620941
1271,,0.0,4.0,10.0,45073.011518239975
1272,,0.0,6.0,10.0,45141.064376831055
1273,,0.0,11.0,0.0,45269.12244844437
1274,,0.0,11.0,0.0,45400.8316180706
1275,,0.0,2.0,10.0,45421.33577489853
1276,,0.0,11.0,0.0,45561.917741537094
1277,,0.0,2.0,10.0,45581.99604797363
1278,,0.0,8.0,10.0,45674.82136106491
1279,,0.0,4.0,10.0,45723.73977923393
1280,,0.0,4.0,10.0,45771.18449950218
1281,,0.0,2.0,10.0,45793.51803326607
1282,,0.0,3.0,10.0,45822.54967045784
1283,,0.0,6.0,10.0,45888.26143550873
1284,,0.0,7.0,10.0,45969.95888543129
1285,,0.0,3.0,10.0,46001.769486904144
1286,,0.0,11.0,0.0,46132.69107723236
1287,,0.0,11.0,0.0,46274.040194272995
1288,,0.0,5.0,10.0,46327.41403865814
1289,,0.0,11.0,0.0,46457.57256650925
1290,,0.0,1.0,10.0,46467.09577250481
1291,,0.0,1.0,10.0,46474.904763937
1292,,0.0,3.0,10.0,46508.657839775085
1293,,0.0,3.0,10.0,46546.76312685013
1294,,0.0,2.0,10.0,46572.55100226402
1295,,0.0,11.0,0.0,46700.576422929764
1296,,0.0,7.0,10.0,46794.53452420235
1297,,0.0,10.0,10.0,46922.84925055504
1298,,0.0,11.0,0.0,47058.60428237915
1299,,0.0,2.0,10.0,47087.88852930069
1300,,0.0,11.0,0.0,47215.75096035004
1301,,0.0,5.0,10.0,47271.5425722599
1302,,0.0,7.0,10.0,47349.94031071663
1303,,0.0,2.0,10.0,47369.885989665985
1304,,0.0,11.0,0.0,47502.581168174744
1305,,0.0,11.0,0.0,47642.49291205406
1306,,0.0,10.0,10.0,47755.501947402954
1307,,0.0,3.0,10.0,47792.37161016464
1308,,0.0,2.0,10.0,47815.73064875603
1309,,0.0,9.0,10.0,47915.653470516205
1310,,0.0,1.0,10.0,47924.688673734665
1311,,0.0,11.0,0.0,48069.02329206467
1312,,0.0,7.0,10.0,48149.83049964905
1313,,0.0,7.0,10.0,48226.58040523529
1314,,0.0,6.0,10.0,48294.82888364792
1315,,0.0,11.0,10.0,48425.89014554024
1316,,0.0,6.0,10.0,48496.57248735428
1317,,0.0,11.0,0.0,48625.77652621269
1318,,0.0,7.0,10.0,48704.10122394562
1319,,0.0,3.0,10.0,48737.27894091606
1320,,0.0,6.0,10.0,48807.13581490517
1321,,0.0,5.0,10.0,48862.23911714554
1322,,0.0,7.0,10.0,48943.60594987869
1323,,0.0,11.0,0.0,49083.25078678131
1324,,0.0,11.0,0.0,49217.46620178223
1325,,0.0,6.0,10.0,49284.27211904526
1326,,0.0,2.0,10.0,49307.13776278496
1327,,0.0,2.0,10.0,49330.22198319435
1328,,0.0,4.0,10.0,49373.517701625824
1329,,0.0,11.0,0.0,49506.801882743835
1330,,0.0,7.0,10.0,49589.02167582512
1331,,0.0,9.0,10.0,49689.56604242325
1332,,0.0,4.0,10.0,49734.294836997986
1333,,0.0,5.0,10.0,49797.52261924744
1334,,0.0,7.0,10.0,49890.69315814972
1335,,0.0,11.0,0.0,50034.06455922127
1336,,0.0,11.0,0.0,50167.54094815254
1337,,0.0,8.0,10.0,50260.22005558014
1338,,0.0,1.0,10.0,50272.07296657562
1339,,0.0,3.0,10.0,50307.034237623215
1340,,0.0,10.0,10.0,50422.56845355034
1341,,0.0,11.0,0.0,50552.878952264786
1342,,0.0,6.0,10.0,50629.883687734604
1343,,0.0,7.0,10.0,50711.93118453026
1344,,0.0,11.0,0.0,50850.69010925293
1345,,0.0,3.0,10.0,50882.6293656826
1346,,0.0,11.0,0.0,51010.17847394943
1347,,0.0,7.0,10.0,51093.64414811134
1348,,0.0,11.0,0.0,51228.352744579315
1349,,0.0,4.0,10.0,51275.51733207703
1350,,0.0,5.0,10.0,51339.43694257736
1351,,0.0,1.0,10.0,51349.18328857422
1352,,0.0,8.0,10.0,51443.12487912178
1353,,0.0,5.0,10.0,51501.808505535126
1354,,0.0,4.0,10.0,51546.046290397644
1355,,0.0,11.0,0.0,51683.40030622482
1356,,0.0,4.0,10.0,51728.74066209793
1357,,0.0,5.0,10.0,51784.21291446686
1358,,0.0,5.0,10.0,51838.7669608593
1359,,0.0,11.0,10.0,51964.05445432663
1360,,0.0,11.0,0.0,52093.06252217293
1361,,0.0,5.0,10.0,52150.14618110657
1362,,0.0,4.0,10.0,52197.46408987045
1363,,0.0,11.0,0.0,52326.909054756165
1364,,0.0,5.0,10.0,52385.92159605026
1365,,0.0,6.0,10.0,52453.535564661026
1366,,0.0,1.0,10.0,52462.44375181198
1367,,0.0,2.0,10.0,52483.1069920063
1368,,0.0,3.0,10.0,52525.29038763046
1369,,0.0,2.0,10.0,52547.99788212776
1370,,0.0,1.0,10.0,52557.576098918915
1371,,0.0,2.0,10.0,52580.48015832901
1372,,0.0,6.0,10.0,52650.86028409004
1373,,0.0,5.0,10.0,52706.80740094185
1374,,0.0,4.0,10.0,52749.95700240135
1375,,0.0,8.0,10.0,52853.03048324585
1376,,0.0,1.0,10.0,52862.35099577904
1377,,0.0,1.0,10.0,52871.448155641556
1378,,0.0,5.0,10.0,52932.99426984787
1379,,0.0,1.0,10.0,52944.41604447365
1380,,0.0,9.0,10.0,53065.999876499176
1381,,0.0,4.0,10.0,53108.96832084656
1382,,0.0,3.0,10.0,53143.49017739296
1383,,0.0,5.0,10.0,53201.62924337387
1384,,0.0,1.0,10.0,53213.50043320656
1385,,0.0,3.0,10.0,53248.22611236572
1386,,0.0,2.0,10.0,53270.205693244934
1387,,0.0,9.0,10.0,53371.63271331787
1388,,0.0,11.0,10.0,53502.477732658386
1389,,0.0,3.0,10.0,53536.547614097595
1390,,0.0,2.0,10.0,53557.33734989166
1391,,0.0,4.0,10.0,53600.56614661217
1392,,0.0,8.0,10.0,53696.09971380234
1393,,0.0,11.0,0.0,53826.48866581917
1394,,0.0,3.0,10.0,53858.92533278465
1395,,0.0,2.0,10.0,53880.65792775154
1396,,0.0,2.0,10.0,53904.030084609985
1397,,0.0,3.0,10.0,53944.79867482185
1398,,0.0,7.0,10.0,54024.41212916374
1399,,0.0,6.0,10.0,54088.378729104996
1400,,0.0,7.0,10.0,54171.40780162811
1401,,0.0,5.0,10.0,54228.30977725983
1402,,0.0,10.0,10.0,54344.39455199242
1403,,0.0,6.0,10.0,54413.85768866539
1404,,0.0,6.0,10.0,54481.75036931038
1405,,0.0,10.0,10.0,54601.250693798065
1406,,0.0,5.0,10.0,54666.757163763046
1407,,0.0,1.0,10.0,54675.599065065384
1408,,0.0,8.0,10.0,54765.136439561844
1409,,0.0,3.0,10.0,54796.301310539246
1410,,0.0,3.0,10.0,54829.21858429909
1411,,0.0,5.0,10.0,54883.312220573425
1412,,0.0,2.0,10.0,54903.99877667427
1413,,0.0,7.0,10.0,54983.52138876915
1414,,0.0,7.0,10.0,55061.19511318207
1415,,0.0,7.0,10.0,55142.05211162567
1416,,0.0,3.0,10.0,55173.10044336319
1417,,0.0,8.0,10.0,55262.13101863861
1418,,0.0,11.0,0.0,55396.270567178726
1419,,0.0,7.0,10.0,55478.16332983971
1420,,0.0,6.0,10.0,55556.33276224136
1421,,0.0,1.0,10.0,55563.79277920723
1422,,0.0,11.0,0.0,55705.57938194275
1423,,0.0,1.0,10.0,55717.70559954643
1424,,0.0,5.0,10.0,55781.878336429596
1425,,0.0,3.0,10.0,55814.585621356964
1426,,0.0,3.0,10.0,55850.21446490288
1427,,0.0,9.0,10.0,55964.35184621811
1428,,0.0,8.0,10.0,56058.137487888336
1429,,0.0,3.0,10.0,56088.783069610596
1430,,0.0,7.0,10.0,56176.02600121498
1431,,0.0,4.0,10.0,56220.49913477898
1432,,0.0,1.0,10.0,56229.32586622238
1433,,0.0,8.0,10.0,56327.35109972954
1434,,0.0,1.0,10.0,56338.80344629288
1435,,0.0,1.0,10.0,56349.93108844757
1436,,0.0,3.0,10.0,56384.12250471115
1437,,0.0,1.0,10.0,56392.929695129395
1438,,0.0,4.0,10.0,56437.43412446976
1439,,0.0,4.0,10.0,56489.371933698654
1440,,0.0,5.0,10.0,56545.93438601494
1441,,0.0,2.0,10.0,56567.04396772385
1442,,0.0,3.0,10.0,56607.68535757065
1443,,0.0,5.0,10.0,56664.215289115906
1444,,0.0,11.0,0.0,56806.2751660347
1445,,0.0,5.0,10.0,56873.422126054764
1446,,0.0,9.0,10.0,56988.825605630875
1447,,0.0,11.0,0.0,57148.71428108215
1448,,0.0,9.0,10.0,57248.899493932724
1449,,0.0,10.0,10.0,57372.4880259037
1450,,0.0,5.0,10.0,57429.44977355003
1451,,0.0,1.0,10.0,57438.30611991882
1452,,0.0,1.0,10.0,57449.661462306976
1453,,0.0,1.0,10.0,57458.328640937805
1454,,0.0,6.0,10.0,57525.540602207184
1455,,0.0,1.0,10.0,57536.463915109634
1456,,0.0,3.0,10.0,57570.28356027603
1457,,0.0,10.0,10.0,57692.448160886765
1458,,0.0,2.0,10.0,57716.12081837654
1459,,0.0,2.0,10.0,57735.41866993904
1460,,0.0,8.0,10.0,57830.13449072838
1461,,0.0,2.0,10.0,57851.714646101
1462,,0.0,6.0,10.0,57918.066328287125
1463,,0.0,1.0,10.0,57928.713206768036
1464,,0.0,9.0,10.0,58051.388449668884
1465,,0.0,4.0,10.0,58095.592893600464
1466,,0.0,7.0,10.0,58175.31270098686
1467,,0.0,2.0,10.0,58197.85790371895
1468,,0.0,3.0,10.0,58230.31975030899
1469,,0.0,5.0,10.0,58284.242589235306
1470,,0.0,6.0,10.0,58357.53646874428
1471,,0.0,1.0,10.0,58367.05555820465
1472,,0.0,4.0,10.0,58413.19175839424
1473,,0.0,11.0,0.0,58553.000690460205
1474,,0.0,2.0,10.0,58575.850336790085
1475,,0.0,3.0,10.0,58619.36833143234
1476,,0.0,4.0,10.0,58662.37344408035
