,el,er,ia,sr
0,0.0,0.0,0.0,0.0
1,11.0,-44.0,10.0,0.0
2,2.0,8.0,1.0,0.0
3,11.0,-70.0,11.0,0.0
4,3.0,6.0,2.0,0.0
5,1.0,10.0,0.0,0.0
6,4.0,-4.0,3.0,0.0
7,1.0,10.0,0.0,0.0
8,2.0,0.0,1.0,0.0
9,1.0,10.0,0.0,0.0
10,4.0,4.0,3.0,0.0
11,2.0,0.0,1.0,0.0
12,8.0,-12.0,7.0,0.0
13,1.0,10.0,0.0,0.0
14,5.0,2.0,4.0,0.0
15,1.0,10.0,0.0,0.0
16,11.0,-28.0,10.0,0.0
17,1.0,10.0,0.0,0.0
18,2.0,0.0,1.0,0.0
19,2.0,8.0,1.0,0.0
20,11.0,-30.0,11.0,0.0
21,3.0,6.0,2.0,0.0
22,4.0,4.0,3.0,0.0
23,3.0,6.0,2.0,0.0
24,5.0,2.0,4.0,0.0
25,2.0,8.0,1.0,0.0
26,7.0,2.0,4.0,0.0
27,1.0,10.0,0.0,0.0
28,11.0,-12.0,7.0,0.0
29,1.0,10.0,0.0,0.0
30,5.0,-14.0,4.0,0.0
31,7.0,-10.0,6.0,0.0
32,2.0,8.0,1.0,0.0
33,5.0,-14.0,4.0,0.0
34,5.0,-14.0,4.0,0.0
35,4.0,-2.0,2.0,0.0
36,3.0,-2.0,2.0,0.0
37,5.0,-6.0,4.0,0.0
38,7.0,-18.0,6.0,0.0
39,3.0,-2.0,2.0,0.0
40,11.0,-54.0,11.0,0.0
41,1.0,10.0,0.0,0.0
42,5.0,-14.0,4.0,0.0
43,11.0,-62.0,11.0,0.0
44,5.0,-6.0,4.0,0.0
45,2.0,0.0,1.0,0.0
46,4.0,4.0,3.0,0.0
47,1.0,10.0,0.0,0.0
48,4.0,-4.0,3.0,0.0
49,11.0,-16.0,8.0,0.0
50,2.0,0.0,1.0,0.0
51,4.0,4.0,3.0,0.0
52,2.0,8.0,1.0,0.0
53,2.0,0.0,1.0,0.0
54,1.0,10.0,0.0,0.0
55,7.0,-2.0,6.0,0.0
56,1.0,10.0,0.0,0.0
57,1.0,10.0,0.0,0.0
58,7.0,-18.0,6.0,0.0
59,8.0,-4.0,7.0,0.0
60,9.0,-22.0,8.0,0.0
61,1.0,10.0,0.0,0.0
62,7.0,-18.0,6.0,0.0
63,1.0,10.0,0.0,0.0
64,2.0,8.0,1.0,0.0
65,2.0,8.0,1.0,0.0
66,7.0,-26.0,6.0,0.0
67,1.0,10.0,0.0,0.0
68,2.0,8.0,1.0,0.0
69,9.0,-10.0,6.0,0.0
70,11.0,-40.0,9.0,0.0
71,7.0,-16.0,5.0,0.0
72,1.0,10.0,0.0,0.0
73,1.0,10.0,0.0,0.0
74,1.0,10.0,0.0,0.0
75,1.0,10.0,0.0,0.0
76,1.0,10.0,0.0,0.0
77,11.0,-18.0,9.0,0.0
78,2.0,0.0,1.0,0.0
79,6.0,-8.0,5.0,0.0
80,1.0,10.0,0.0,0.0
81,1.0,10.0,0.0,0.0
82,7.0,-18.0,6.0,0.0
83,1.0,10.0,0.0,0.0
84,1.0,10.0,0.0,0.0
85,3.0,6.0,2.0,0.0
86,3.0,-2.0,2.0,0.0
87,3.0,-2.0,2.0,0.0
88,1.0,10.0,0.0,0.0
89,11.0,-36.0,10.0,0.0
90,7.0,-6.0,4.0,0.0
91,1.0,10.0,0.0,0.0
92,3.0,6.0,2.0,0.0
93,1.0,10.0,0.0,0.0
94,1.0,10.0,0.0,0.0
95,3.0,6.0,2.0,0.0
96,1.0,10.0,0.0,0.0
97,6.0,-16.0,5.0,0.0
98,1.0,10.0,0.0,0.0
99,1.0,10.0,0.0,0.0
100,1.0,10.0,0.0,0.0
101,1.0,10.0,0.0,0.0
102,1.0,10.0,0.0,0.0
103,2.0,8.0,1.0,0.0
104,2.0,8.0,1.0,0.0
105,5.0,-6.0,4.0,0.0
106,1.0,10.0,0.0,0.0
107,6.0,2.0,4.0,0.0
108,2.0,8.0,1.0,0.0
109,2.0,8.0,1.0,0.0
110,2.0,8.0,1.0,0.0
111,11.0,-52.0,10.0,0.0
112,1.0,10.0,0.0,0.0
113,4.0,-4.0,3.0,0.0
114,3.0,6.0,2.0,0.0
115,7.0,-16.0,5.0,0.0
116,1.0,10.0,0.0,0.0
117,2.0,8.0,1.0,0.0
118,1.0,10.0,0.0,0.0
119,3.0,6.0,2.0,0.0
120,1.0,10.0,0.0,0.0
121,2.0,0.0,1.0,0.0
122,5.0,2.0,4.0,0.0
123,5.0,-14.0,4.0,0.0
124,1.0,10.0,0.0,0.0
125,2.0,8.0,1.0,0.0
126,2.0,8.0,1.0,0.0
127,3.0,6.0,2.0,0.0
128,1.0,10.0,0.0,0.0
129,3.0,6.0,2.0,0.0
130,9.0,-36.0,7.0,0.0
131,1.0,10.0,0.0,0.0
132,1.0,10.0,0.0,0.0
133,3.0,-2.0,2.0,0.0
134,11.0,-46.0,7.0,0.0
135,1.0,10.0,0.0,0.0
136,4.0,4.0,3.0,0.0
137,5.0,-22.0,4.0,0.0
138,1.0,10.0,0.0,0.0
139,4.0,-12.0,3.0,0.0
140,4.0,4.0,3.0,0.0
141,2.0,8.0,1.0,0.0
142,4.0,-4.0,3.0,0.0
143,2.0,8.0,1.0,0.0
144,3.0,-2.0,2.0,0.0
145,6.0,-24.0,5.0,0.0
146,4.0,-2.0,2.0,0.0
147,3.0,-2.0,2.0,0.0
148,2.0,0.0,1.0,0.0
149,8.0,-10.0,6.0,0.0
150,3.0,-2.0,2.0,0.0
151,1.0,10.0,0.0,0.0
152,1.0,10.0,0.0,0.0
153,3.0,6.0,2.0,0.0
154,3.0,-2.0,2.0,0.0
155,2.0,8.0,1.0,0.0
156,1.0,10.0,0.0,0.0
157,11.0,-24.0,8.0,0.0
158,1.0,10.0,0.0,0.0
159,1.0,10.0,0.0,0.0
160,1.0,10.0,0.0,0.0
161,3.0,-2.0,2.0,0.0
162,1.0,10.0,0.0,0.0
163,3.0,6.0,2.0,0.0
164,2.0,8.0,1.0,0.0
165,1.0,10.0,0.0,0.0
166,1.0,10.0,0.0,0.0
167,1.0,10.0,0.0,0.0
168,2.0,8.0,1.0,0.0
169,2.0,8.0,1.0,0.0
170,1.0,10.0,0.0,0.0
171,10.0,-22.0,8.0,0.0
172,2.0,8.0,1.0,0.0
173,5.0,-4.0,3.0,0.0
174,4.0,4.0,3.0,0.0
175,2.0,8.0,1.0,0.0
176,1.0,10.0,0.0,0.0
177,8.0,-12.0,7.0,0.0
178,1.0,10.0,0.0,0.0
179,1.0,10.0,0.0,0.0
180,2.0,8.0,1.0,0.0
181,2.0,8.0,1.0,0.0
182,5.0,-6.0,4.0,0.0
183,1.0,10.0,0.0,0.0
184,2.0,8.0,1.0,0.0
185,1.0,10.0,0.0,0.0
186,3.0,6.0,2.0,0.0
187,2.0,8.0,1.0,0.0
188,1.0,10.0,0.0,0.0
189,1.0,10.0,0.0,0.0
190,1.0,10.0,0.0,0.0
191,5.0,-6.0,4.0,0.0
192,3.0,-2.0,2.0,0.0
193,5.0,2.0,4.0,0.0
194,1.0,10.0,0.0,0.0
195,1.0,10.0,0.0,0.0
196,2.0,0.0,1.0,0.0
197,9.0,-8.0,5.0,0.0
198,3.0,-10.0,2.0,0.0
199,2.0,8.0,1.0,0.0
200,1.0,10.0,0.0,0.0
201,3.0,-2.0,2.0,0.0
202,1.0,10.0,0.0,0.0
203,3.0,6.0,2.0,0.0
204,2.0,0.0,1.0,0.0
205,3.0,-2.0,2.0,0.0
206,5.0,6.0,2.0,0.0
207,11.0,-30.0,7.0,0.0
208,1.0,10.0,0.0,0.0
209,2.0,8.0,1.0,0.0
210,8.0,-6.0,4.0,0.0
211,3.0,-2.0,2.0,0.0
212,1.0,10.0,0.0,0.0
213,1.0,10.0,0.0,0.0
214,2.0,8.0,1.0,0.0
215,3.0,-2.0,2.0,0.0
216,1.0,10.0,0.0,0.0
217,1.0,10.0,0.0,0.0
218,1.0,10.0,0.0,0.0
219,5.0,-2.0,2.0,0.0
220,1.0,10.0,0.0,0.0
221,1.0,10.0,0.0,0.0
222,1.0,10.0,0.0,0.0
223,2.0,8.0,1.0,0.0
224,2.0,8.0,1.0,0.0
225,1.0,10.0,0.0,0.0
226,1.0,10.0,0.0,0.0
227,2.0,8.0,1.0,0.0
228,2.0,8.0,1.0,0.0
229,1.0,10.0,0.0,0.0
230,1.0,10.0,0.0,0.0
231,3.0,-2.0,2.0,0.0
232,2.0,8.0,1.0,0.0
233,3.0,6.0,2.0,0.0
234,3.0,6.0,2.0,0.0
235,11.0,-30.0,7.0,0.0
236,1.0,10.0,0.0,0.0
237,2.0,8.0,1.0,0.0
238,2.0,8.0,1.0,0.0
239,1.0,10.0,0.0,0.0
240,1.0,10.0,0.0,0.0
241,11.0,-20.0,10.0,0.0
242,1.0,10.0,0.0,0.0
243,2.0,10.0,0.0,0.0
244,3.0,-2.0,2.0,0.0
245,2.0,10.0,0.0,0.0
246,1.0,10.0,0.0,0.0
247,3.0,6.0,2.0,0.0
248,1.0,10.0,0.0,0.0
249,2.0,0.0,1.0,0.0
250,1.0,10.0,0.0,0.0
251,5.0,-6.0,4.0,0.0
252,1.0,10.0,0.0,0.0
253,2.0,0.0,1.0,0.0
254,3.0,-2.0,2.0,0.0
255,3.0,-2.0,2.0,0.0
256,2.0,0.0,1.0,0.0
257,1.0,10.0,0.0,0.0
258,1.0,10.0,0.0,0.0
259,2.0,8.0,1.0,0.0
260,1.0,10.0,0.0,0.0
261,5.0,-4.0,3.0,0.0
262,2.0,8.0,1.0,0.0
263,1.0,10.0,0.0,0.0
264,2.0,0.0,1.0,0.0
265,4.0,-4.0,3.0,0.0
266,1.0,10.0,0.0,0.0
267,2.0,8.0,1.0,0.0
268,1.0,10.0,0.0,0.0
269,1.0,10.0,0.0,0.0
270,4.0,-2.0,2.0,0.0
271,3.0,8.0,1.0,0.0
272,2.0,8.0,1.0,0.0
273,2.0,0.0,1.0,0.0
274,1.0,10.0,0.0,0.0
275,2.0,8.0,1.0,0.0
276,1.0,10.0,0.0,0.0
277,1.0,10.0,0.0,0.0
278,1.0,10.0,0.0,0.0
279,3.0,-2.0,2.0,0.0
280,1.0,10.0,0.0,0.0
281,1.0,10.0,0.0,0.0
282,1.0,10.0,0.0,0.0
283,1.0,10.0,0.0,0.0
284,3.0,8.0,1.0,0.0
285,1.0,10.0,0.0,0.0
286,3.0,8.0,1.0,0.0
287,2.0,8.0,1.0,0.0
288,2.0,8.0,1.0,0.0
289,1.0,10.0,0.0,0.0
290,1.0,10.0,0.0,0.0
291,2.0,8.0,1.0,0.0
292,11.0,-16.0,8.0,0.0
293,2.0,8.0,1.0,0.0
294,4.0,-4.0,3.0,0.0
295,1.0,10.0,0.0,0.0
296,11.0,-32.0,8.0,0.0
297,2.0,0.0,1.0,0.0
298,1.0,10.0,0.0,0.0
299,3.0,-2.0,2.0,0.0
300,1.0,10.0,0.0,0.0
301,1.0,10.0,0.0,0.0
302,1.0,10.0,0.0,0.0
303,3.0,-2.0,2.0,0.0
304,11.0,-28.0,6.0,0.0
305,11.0,-10.0,5.0,0.0
306,2.0,8.0,1.0,0.0
307,2.0,8.0,1.0,0.0
308,2.0,8.0,1.0,0.0
309,3.0,-2.0,2.0,0.0
310,1.0,10.0,0.0,0.0
311,11.0,-18.0,9.0,0.0
312,3.0,6.0,2.0,0.0
313,1.0,10.0,0.0,0.0
314,2.0,8.0,1.0,0.0
315,6.0,-12.0,3.0,0.0
316,1.0,10.0,0.0,0.0
317,1.0,10.0,0.0,0.0
318,2.0,0.0,1.0,0.0
319,5.0,8.0,1.0,0.0
320,2.0,8.0,1.0,0.0
321,1.0,10.0,0.0,0.0
322,1.0,10.0,0.0,0.0
323,2.0,8.0,1.0,0.0
324,1.0,10.0,0.0,0.0
325,1.0,10.0,0.0,0.0
326,2.0,10.0,0.0,0.0
327,2.0,10.0,0.0,0.0
328,3.0,-10.0,2.0,0.0
329,3.0,6.0,2.0,0.0
330,1.0,10.0,0.0,0.0
331,4.0,-12.0,3.0,0.0
332,1.0,10.0,0.0,0.0
333,1.0,10.0,0.0,0.0
334,5.0,-22.0,4.0,0.0
335,1.0,10.0,0.0,0.0
336,1.0,10.0,0.0,0.0
337,4.0,6.0,2.0,0.0
338,2.0,10.0,0.0,0.0
339,1.0,10.0,0.0,0.0
340,3.0,8.0,1.0,0.0
341,1.0,10.0,0.0,0.0
342,3.0,6.0,2.0,0.0
343,1.0,10.0,0.0,0.0
344,1.0,10.0,0.0,0.0
345,3.0,6.0,2.0,0.0
346,3.0,8.0,1.0,0.0
347,1.0,10.0,0.0,0.0
348,1.0,10.0,0.0,0.0
349,2.0,0.0,1.0,0.0
350,1.0,10.0,0.0,0.0
351,2.0,10.0,0.0,0.0
352,2.0,0.0,1.0,0.0
353,5.0,4.0,3.0,0.0
354,2.0,8.0,1.0,0.0
355,3.0,8.0,1.0,0.0
356,3.0,-2.0,2.0,0.0
357,3.0,-10.0,2.0,0.0
358,1.0,10.0,0.0,0.0
359,1.0,10.0,0.0,0.0
360,1.0,10.0,0.0,0.0
361,2.0,8.0,1.0,0.0
362,2.0,8.0,1.0,0.0
363,2.0,0.0,1.0,0.0
364,1.0,10.0,0.0,0.0
365,2.0,8.0,1.0,0.0
366,2.0,8.0,1.0,0.0
367,2.0,8.0,1.0,0.0
368,1.0,10.0,0.0,0.0
369,1.0,10.0,0.0,0.0
370,2.0,8.0,1.0,0.0
371,2.0,0.0,1.0,0.0
372,3.0,-10.0,2.0,0.0
373,2.0,10.0,0.0,0.0
374,1.0,10.0,0.0,0.0
375,2.0,8.0,1.0,0.0
376,11.0,-24.0,8.0,0.0
377,2.0,8.0,1.0,0.0
378,1.0,10.0,0.0,0.0
379,1.0,10.0,0.0,0.0
380,3.0,-10.0,2.0,0.0
381,1.0,10.0,0.0,0.0
382,1.0,10.0,0.0,0.0
383,11.0,-20.0,10.0,0.0
384,1.0,10.0,0.0,0.0
385,1.0,10.0,0.0,0.0
386,1.0,10.0,0.0,0.0
387,1.0,10.0,0.0,0.0
388,1.0,10.0,0.0,0.0
389,11.0,-26.0,9.0,0.0
390,1.0,10.0,0.0,0.0
391,2.0,8.0,1.0,0.0
392,4.0,6.0,2.0,0.0
393,1.0,10.0,0.0,0.0
394,2.0,8.0,1.0,0.0
395,1.0,10.0,0.0,0.0
396,1.0,10.0,0.0,0.0
397,2.0,8.0,1.0,0.0
398,1.0,10.0,0.0,0.0
399,1.0,10.0,0.0,0.0
400,1.0,10.0,0.0,0.0
401,1.0,10.0,0.0,0.0
402,3.0,8.0,1.0,0.0
403,1.0,10.0,0.0,0.0
404,1.0,10.0,0.0,0.0
405,3.0,6.0,2.0,0.0
406,1.0,10.0,0.0,0.0
407,2.0,0.0,1.0,0.0
408,2.0,10.0,0.0,0.0
409,1.0,10.0,0.0,0.0
410,10.0,-14.0,8.0,0.0
411,3.0,-2.0,2.0,0.0
412,1.0,10.0,0.0,0.0
413,1.0,10.0,0.0,0.0
414,2.0,8.0,1.0,0.0
415,2.0,8.0,1.0,0.0
416,11.0,-16.0,8.0,0.0
417,5.0,6.0,2.0,0.0
418,1.0,10.0,0.0,0.0
419,1.0,10.0,0.0,0.0
420,2.0,8.0,1.0,0.0
421,1.0,10.0,0.0,0.0
422,2.0,8.0,1.0,0.0
423,1.0,10.0,0.0,0.0
424,4.0,8.0,1.0,0.0
425,1.0,10.0,0.0,0.0
426,2.0,8.0,1.0,0.0
427,2.0,10.0,0.0,0.0
428,1.0,10.0,0.0,0.0
429,1.0,10.0,0.0,0.0
430,1.0,10.0,0.0,0.0
431,1.0,10.0,0.0,0.0
432,1.0,10.0,0.0,0.0
433,5.0,6.0,2.0,0.0
434,1.0,10.0,0.0,0.0
435,2.0,10.0,0.0,0.0
436,1.0,10.0,0.0,0.0
437,1.0,10.0,0.0,0.0
438,1.0,10.0,0.0,0.0
439,1.0,10.0,0.0,0.0
440,11.0,-22.0,7.0,0.0
441,3.0,0.0,1.0,0.0
442,1.0,10.0,0.0,0.0
443,1.0,10.0,0.0,0.0
444,6.0,-8.0,5.0,0.0
445,1.0,10.0,0.0,0.0
446,8.0,-2.0,6.0,0.0
447,1.0,10.0,0.0,0.0
448,1.0,10.0,0.0,0.0
449,1.0,10.0,0.0,0.0
450,11.0,-14.0,7.0,0.0
451,1.0,10.0,0.0,0.0
452,2.0,10.0,0.0,0.0
453,1.0,10.0,0.0,0.0
454,7.0,-4.0,3.0,0.0
455,3.0,8.0,1.0,0.0
456,1.0,10.0,0.0,0.0
457,2.0,10.0,0.0,0.0
458,2.0,0.0,1.0,0.0
459,1.0,10.0,0.0,0.0
460,1.0,10.0,0.0,0.0
461,3.0,8.0,1.0,0.0
462,1.0,10.0,0.0,0.0
463,1.0,10.0,0.0,0.0
464,9.0,-14.0,4.0,0.0
465,1.0,10.0,0.0,0.0
466,1.0,10.0,0.0,0.0
467,1.0,10.0,0.0,0.0
468,2.0,0.0,1.0,0.0
469,1.0,10.0,0.0,0.0
470,1.0,10.0,0.0,0.0
471,1.0,10.0,0.0,0.0
472,2.0,8.0,1.0,0.0
473,1.0,10.0,0.0,0.0
474,2.0,8.0,1.0,0.0
475,2.0,10.0,0.0,0.0
476,1.0,10.0,0.0,0.0
477,11.0,-16.0,8.0,0.0
478,1.0,10.0,0.0,0.0
479,2.0,10.0,0.0,0.0
480,1.0,10.0,0.0,0.0
481,2.0,0.0,1.0,0.0
482,1.0,10.0,0.0,0.0
483,11.0,-10.0,5.0,0.0
484,1.0,10.0,0.0,0.0
485,1.0,10.0,0.0,0.0
486,2.0,8.0,1.0,0.0
487,1.0,10.0,0.0,0.0
488,1.0,10.0,0.0,0.0
489,1.0,10.0,0.0,0.0
490,4.0,6.0,2.0,0.0
491,1.0,10.0,0.0,0.0
492,1.0,10.0,0.0,0.0
493,3.0,8.0,1.0,0.0
494,1.0,10.0,0.0,0.0
495,6.0,-4.0,3.0,0.0
496,1.0,10.0,0.0,0.0
497,5.0,-4.0,3.0,0.0
498,1.0,10.0,0.0,0.0
499,1.0,10.0,0.0,0.0
500,1.0,10.0,0.0,0.0
501,1.0,10.0,0.0,0.0
502,1.0,10.0,0.0,0.0
503,1.0,10.0,0.0,0.0
504,1.0,10.0,0.0,0.0
505,1.0,10.0,0.0,0.0
506,1.0,10.0,0.0,0.0
507,2.0,8.0,1.0,0.0
508,1.0,10.0,0.0,0.0
509,2.0,10.0,0.0,0.0
510,1.0,10.0,0.0,0.0
511,1.0,10.0,0.0,0.0
512,3.0,8.0,1.0,0.0
513,3.0,8.0,1.0,0.0
514,1.0,10.0,0.0,0.0
515,1.0,10.0,0.0,0.0
516,1.0,10.0,0.0,0.0
517,6.0,-16.0,5.0,0.0
518,3.0,8.0,1.0,0.0
519,1.0,10.0,0.0,0.0
520,1.0,10.0,0.0,0.0
521,2.0,8.0,1.0,0.0
522,11.0,-28.0,10.0,0.0
523,1.0,10.0,0.0,0.0
524,11.0,-24.0,8.0,0.0
525,3.0,-2.0,2.0,0.0
526,1.0,10.0,0.0,0.0
527,4.0,-4.0,3.0,0.0
528,11.0,-10.0,5.0,0.0
529,1.0,10.0,0.0,0.0
530,2.0,8.0,1.0,0.0
531,4.0,8.0,1.0,0.0
532,2.0,8.0,1.0,0.0
533,1.0,10.0,0.0,0.0
534,6.0,-4.0,3.0,0.0
535,1.0,10.0,0.0,0.0
536,1.0,10.0,0.0,0.0
537,1.0,10.0,0.0,0.0
538,2.0,0.0,1.0,0.0
539,1.0,10.0,0.0,0.0
540,11.0,-14.0,7.0,0.0
541,1.0,10.0,0.0,0.0
542,1.0,10.0,0.0,0.0
543,1.0,10.0,0.0,0.0
544,1.0,10.0,0.0,0.0
545,1.0,10.0,0.0,0.0
546,1.0,10.0,0.0,0.0
547,2.0,8.0,1.0,0.0
548,1.0,10.0,0.0,0.0
549,1.0,10.0,0.0,0.0
550,2.0,8.0,1.0,0.0
551,2.0,10.0,0.0,0.0
552,1.0,10.0,0.0,0.0
553,1.0,10.0,0.0,0.0
554,1.0,10.0,0.0,0.0
555,1.0,10.0,0.0,0.0
556,1.0,10.0,0.0,0.0
557,1.0,10.0,0.0,0.0
558,1.0,10.0,0.0,0.0
559,1.0,10.0,0.0,0.0
560,1.0,10.0,0.0,0.0
561,1.0,10.0,0.0,0.0
562,1.0,10.0,0.0,0.0
563,2.0,10.0,0.0,0.0
564,3.0,8.0,1.0,0.0
565,3.0,-10.0,2.0,0.0
566,1.0,10.0,0.0,0.0
567,1.0,10.0,0.0,0.0
568,1.0,10.0,0.0,0.0
569,2.0,0.0,1.0,0.0
570,1.0,10.0,0.0,0.0
571,1.0,10.0,0.0,0.0
572,1.0,10.0,0.0,0.0
573,6.0,-6.0,4.0,0.0
574,1.0,10.0,0.0,0.0
575,1.0,10.0,0.0,0.0
576,1.0,10.0,0.0,0.0
577,11.0,-14.0,7.0,0.0
578,1.0,10.0,0.0,0.0
579,1.0,10.0,0.0,0.0
580,1.0,10.0,0.0,0.0
581,3.0,8.0,1.0,0.0
582,4.0,6.0,2.0,0.0
583,1.0,10.0,0.0,0.0
584,1.0,10.0,0.0,0.0
585,1.0,10.0,0.0,0.0
586,3.0,8.0,1.0,0.0
587,1.0,10.0,0.0,0.0
588,1.0,10.0,0.0,0.0
589,1.0,10.0,0.0,0.0
590,1.0,10.0,0.0,0.0
591,1.0,10.0,0.0,0.0
592,1.0,10.0,0.0,0.0
593,1.0,10.0,0.0,0.0
594,1.0,10.0,0.0,0.0
595,6.0,-4.0,3.0,0.0
596,1.0,10.0,0.0,0.0
597,10.0,-4.0,7.0,0.0
598,1.0,10.0,0.0,0.0
599,2.0,10.0,0.0,0.0
600,1.0,10.0,0.0,0.0
601,2.0,10.0,0.0,0.0
602,3.0,10.0,0.0,0.0
603,4.0,6.0,2.0,0.0
604,3.0,8.0,1.0,0.0
605,1.0,10.0,0.0,0.0
606,1.0,10.0,0.0,0.0
607,1.0,10.0,0.0,0.0
608,6.0,4.0,3.0,0.0
609,1.0,10.0,0.0,0.0
610,1.0,10.0,0.0,0.0
611,1.0,10.0,0.0,0.0
612,1.0,10.0,0.0,0.0
613,1.0,10.0,0.0,0.0
614,1.0,10.0,0.0,0.0
615,1.0,10.0,0.0,0.0
616,2.0,10.0,0.0,0.0
617,1.0,10.0,0.0,0.0
618,1.0,10.0,0.0,0.0
619,1.0,10.0,0.0,0.0
620,1.0,10.0,0.0,0.0
621,2.0,10.0,0.0,0.0
622,1.0,10.0,0.0,0.0
623,1.0,10.0,0.0,0.0
624,1.0,10.0,0.0,0.0
625,11.0,-10.0,5.0,0.0
626,1.0,10.0,0.0,0.0
627,4.0,6.0,2.0,0.0
628,1.0,10.0,0.0,0.0
629,6.0,-4.0,3.0,0.0
630,1.0,10.0,0.0,0.0
631,1.0,10.0,0.0,0.0
632,5.0,-2.0,2.0,0.0
633,2.0,8.0,1.0,0.0
634,1.0,10.0,0.0,0.0
635,2.0,10.0,0.0,0.0
636,1.0,10.0,0.0,0.0
637,3.0,8.0,1.0,0.0
638,3.0,8.0,1.0,0.0
639,4.0,-10.0,2.0,0.0
640,1.0,10.0,0.0,0.0
641,1.0,10.0,0.0,0.0
642,1.0,10.0,0.0,0.0
643,1.0,10.0,0.0,0.0
644,1.0,10.0,0.0,0.0
645,1.0,10.0,0.0,0.0
646,11.0,-26.0,9.0,0.0
647,5.0,-12.0,3.0,0.0
648,1.0,10.0,0.0,0.0
649,1.0,10.0,0.0,0.0
650,1.0,10.0,0.0,0.0
651,2.0,0.0,1.0,0.0
652,1.0,10.0,0.0,0.0
653,2.0,0.0,1.0,0.0
654,7.0,2.0,4.0,0.0
655,2.0,0.0,1.0,0.0
656,4.0,-2.0,2.0,0.0
657,1.0,10.0,0.0,0.0
658,2.0,8.0,1.0,0.0
659,3.0,8.0,1.0,0.0
660,1.0,10.0,0.0,0.0
661,1.0,10.0,0.0,0.0
662,1.0,10.0,0.0,0.0
663,2.0,8.0,1.0,0.0
664,1.0,10.0,0.0,0.0
665,2.0,0.0,1.0,0.0
666,1.0,10.0,0.0,0.0
667,1.0,10.0,0.0,0.0
668,11.0,-26.0,9.0,0.0
669,3.0,-2.0,2.0,0.0
670,1.0,10.0,0.0,0.0
671,5.0,-2.0,2.0,0.0
672,1.0,10.0,0.0,0.0
673,3.0,8.0,1.0,0.0
674,9.0,2.0,4.0,0.0
675,1.0,10.0,0.0,0.0
676,11.0,-14.0,7.0,0.0
677,2.0,8.0,1.0,0.0
678,1.0,10.0,0.0,0.0
679,1.0,10.0,0.0,0.0
680,2.0,10.0,0.0,0.0
681,1.0,10.0,0.0,0.0
682,1.0,10.0,0.0,0.0
683,11.0,-14.0,7.0,0.0
684,11.0,-14.0,7.0,0.0
685,1.0,10.0,0.0,0.0
686,1.0,10.0,0.0,0.0
687,3.0,8.0,1.0,0.0
688,1.0,10.0,0.0,0.0
689,1.0,10.0,0.0,0.0
690,2.0,10.0,0.0,0.0
691,1.0,10.0,0.0,0.0
692,1.0,10.0,0.0,0.0
693,4.0,6.0,2.0,0.0
694,1.0,10.0,0.0,0.0
695,11.0,-24.0,8.0,0.0
696,4.0,-2.0,2.0,0.0
697,1.0,10.0,0.0,0.0
698,4.0,6.0,2.0,0.0
699,1.0,10.0,0.0,0.0
700,1.0,10.0,0.0,0.0
701,1.0,10.0,0.0,0.0
702,2.0,10.0,0.0,0.0
703,1.0,10.0,0.0,0.0
704,2.0,10.0,0.0,0.0
705,1.0,10.0,0.0,0.0
706,2.0,10.0,0.0,0.0
707,2.0,0.0,1.0,0.0
708,1.0,10.0,0.0,0.0
709,4.0,10.0,0.0,0.0
710,1.0,10.0,0.0,0.0
711,3.0,8.0,1.0,0.0
712,1.0,10.0,0.0,0.0
713,1.0,10.0,0.0,0.0
714,2.0,10.0,0.0,0.0
715,1.0,10.0,0.0,0.0
716,1.0,10.0,0.0,0.0
717,1.0,10.0,0.0,0.0
718,5.0,4.0,3.0,0.0
719,1.0,10.0,0.0,0.0
720,2.0,10.0,0.0,0.0
721,1.0,10.0,0.0,0.0
722,1.0,10.0,0.0,0.0
723,1.0,10.0,0.0,0.0
724,6.0,-6.0,4.0,0.0
725,3.0,8.0,1.0,0.0
726,6.0,-4.0,3.0,0.0
727,2.0,10.0,0.0,0.0
728,1.0,10.0,0.0,0.0
729,1.0,10.0,0.0,0.0
730,1.0,10.0,0.0,0.0
731,1.0,10.0,0.0,0.0
732,1.0,10.0,0.0,0.0
733,1.0,10.0,0.0,0.0
734,2.0,0.0,1.0,0.0
735,2.0,10.0,0.0,0.0
736,1.0,10.0,0.0,0.0
737,1.0,10.0,0.0,0.0
738,3.0,8.0,1.0,0.0
739,1.0,10.0,0.0,0.0
740,1.0,10.0,0.0,0.0
741,1.0,10.0,0.0,0.0
742,2.0,10.0,0.0,0.0
743,1.0,10.0,0.0,0.0
744,1.0,10.0,0.0,0.0
745,2.0,10.0,0.0,0.0
746,2.0,10.0,0.0,0.0
747,1.0,10.0,0.0,0.0
748,4.0,8.0,1.0,0.0
749,3.0,-2.0,2.0,0.0
750,2.0,10.0,0.0,0.0
751,1.0,10.0,0.0,0.0
752,1.0,10.0,0.0,0.0
753,1.0,10.0,0.0,0.0
754,2.0,10.0,0.0,0.0
755,2.0,10.0,0.0,0.0
756,4.0,8.0,1.0,0.0
757,4.0,8.0,1.0,0.0
758,2.0,0.0,1.0,0.0
759,2.0,10.0,0.0,0.0
760,1.0,10.0,0.0,0.0
761,1.0,10.0,0.0,0.0
762,4.0,8.0,1.0,0.0
763,1.0,10.0,0.0,0.0
764,11.0,-18.0,9.0,0.0
765,1.0,10.0,0.0,0.0
766,1.0,10.0,0.0,0.0
767,1.0,10.0,0.0,0.0
768,1.0,10.0,0.0,0.0
769,1.0,10.0,0.0,0.0
770,1.0,10.0,0.0,0.0
771,1.0,10.0,0.0,0.0
772,7.0,2.0,4.0,0.0
773,1.0,10.0,0.0,0.0
774,3.0,10.0,0.0,0.0
775,1.0,10.0,0.0,0.0
776,1.0,10.0,0.0,0.0
777,1.0,10.0,0.0,0.0
778,1.0,10.0,0.0,0.0
779,1.0,10.0,0.0,0.0
780,1.0,10.0,0.0,0.0
781,1.0,10.0,0.0,0.0
782,11.0,-16.0,8.0,0.0
783,2.0,8.0,1.0,0.0
784,2.0,8.0,1.0,0.0
785,11.0,-16.0,8.0,0.0
786,1.0,10.0,0.0,0.0
787,1.0,10.0,0.0,0.0
788,2.0,10.0,0.0,0.0
789,1.0,10.0,0.0,0.0
790,2.0,8.0,1.0,0.0
791,1.0,10.0,0.0,0.0
792,1.0,10.0,0.0,0.0
793,1.0,10.0,0.0,0.0
794,1.0,10.0,0.0,0.0
795,2.0,10.0,0.0,0.0
796,1.0,10.0,0.0,0.0
797,5.0,6.0,2.0,0.0
798,4.0,6.0,2.0,0.0
799,3.0,-10.0,2.0,0.0
800,1.0,10.0,0.0,0.0
801,2.0,10.0,0.0,0.0
802,2.0,8.0,1.0,0.0
803,1.0,10.0,0.0,0.0
804,1.0,10.0,0.0,0.0
805,1.0,10.0,0.0,0.0
806,2.0,10.0,0.0,0.0
807,1.0,10.0,0.0,0.0
808,1.0,10.0,0.0,0.0
809,1.0,10.0,0.0,0.0
810,1.0,10.0,0.0,0.0
811,1.0,10.0,0.0,0.0
812,11.0,-18.0,9.0,0.0
813,1.0,10.0,0.0,0.0
814,11.0,-16.0,8.0,0.0
815,1.0,10.0,0.0,0.0
816,2.0,10.0,0.0,0.0
817,1.0,10.0,0.0,0.0
818,1.0,10.0,0.0,0.0
819,1.0,10.0,0.0,0.0
820,3.0,8.0,1.0,0.0
821,2.0,8.0,1.0,0.0
822,1.0,10.0,0.0,0.0
823,1.0,10.0,0.0,0.0
824,2.0,0.0,1.0,0.0
825,11.0,-18.0,9.0,0.0
826,4.0,-12.0,3.0,0.0
827,2.0,10.0,0.0,0.0
828,1.0,10.0,0.0,0.0
829,1.0,10.0,0.0,0.0
830,1.0,10.0,0.0,0.0
831,11.0,-14.0,7.0,0.0
832,1.0,10.0,0.0,0.0
833,7.0,2.0,4.0,0.0
834,2.0,8.0,1.0,0.0
835,10.0,-2.0,6.0,0.0
836,1.0,10.0,0.0,0.0
837,11.0,-14.0,7.0,0.0
838,1.0,10.0,0.0,0.0
839,2.0,8.0,1.0,0.0
840,1.0,10.0,0.0,0.0
841,1.0,10.0,0.0,0.0
842,4.0,10.0,0.0,0.0
843,1.0,10.0,0.0,0.0
844,8.0,-8.0,5.0,0.0
845,1.0,10.0,0.0,0.0
846,1.0,10.0,0.0,0.0
847,1.0,10.0,0.0,0.0
848,3.0,-2.0,2.0,0.0
849,5.0,4.0,3.0,0.0
850,1.0,10.0,0.0,0.0
851,1.0,10.0,0.0,0.0
852,3.0,0.0,1.0,0.0
853,9.0,-4.0,7.0,0.0
854,1.0,10.0,0.0,0.0
855,1.0,10.0,0.0,0.0
856,2.0,0.0,1.0,0.0
857,1.0,10.0,0.0,0.0
858,1.0,10.0,0.0,0.0
859,1.0,10.0,0.0,0.0
860,3.0,8.0,1.0,0.0
861,5.0,4.0,3.0,0.0
862,1.0,10.0,0.0,0.0
863,3.0,8.0,1.0,0.0
864,1.0,10.0,0.0,0.0
865,1.0,10.0,0.0,0.0
866,2.0,0.0,1.0,0.0
867,1.0,10.0,0.0,0.0
868,1.0,10.0,0.0,0.0
869,1.0,10.0,0.0,0.0
870,1.0,10.0,0.0,0.0
871,1.0,10.0,0.0,0.0
872,1.0,10.0,0.0,0.0
873,1.0,10.0,0.0,0.0
874,1.0,10.0,0.0,0.0
875,4.0,6.0,2.0,0.0
876,1.0,10.0,0.0,0.0
877,3.0,8.0,1.0,0.0
878,1.0,10.0,0.0,0.0
879,2.0,8.0,1.0,0.0
880,2.0,8.0,1.0,0.0
881,11.0,-16.0,8.0,0.0
882,1.0,10.0,0.0,0.0
883,1.0,10.0,0.0,0.0
884,2.0,0.0,1.0,0.0
885,1.0,10.0,0.0,0.0
886,1.0,10.0,0.0,0.0
887,1.0,10.0,0.0,0.0
888,1.0,10.0,0.0,0.0
889,1.0,10.0,0.0,0.0
890,1.0,10.0,0.0,0.0
891,6.0,6.0,2.0,0.0
892,1.0,10.0,0.0,0.0
893,1.0,10.0,0.0,0.0
894,1.0,10.0,0.0,0.0
895,2.0,10.0,0.0,0.0
896,1.0,10.0,0.0,0.0
897,1.0,10.0,0.0,0.0
898,3.0,8.0,1.0,0.0
899,1.0,10.0,0.0,0.0
900,1.0,10.0,0.0,0.0
901,1.0,10.0,0.0,0.0
902,1.0,10.0,0.0,0.0
903,1.0,10.0,0.0,0.0
904,3.0,0.0,1.0,0.0
905,2.0,10.0,0.0,0.0
906,2.0,10.0,0.0,0.0
907,2.0,10.0,0.0,0.0
908,1.0,10.0,0.0,0.0
909,2.0,10.0,0.0,0.0
910,1.0,10.0,0.0,0.0
911,1.0,10.0,0.0,0.0
912,2.0,8.0,1.0,0.0
913,1.0,10.0,0.0,0.0
914,1.0,10.0,0.0,0.0
915,4.0,10.0,0.0,0.0
916,1.0,10.0,0.0,0.0
917,9.0,-8.0,5.0,0.0
918,1.0,10.0,0.0,0.0
919,2.0,0.0,1.0,0.0
920,2.0,10.0,0.0,0.0
921,1.0,10.0,0.0,0.0
922,1.0,10.0,0.0,0.0
923,1.0,10.0,0.0,0.0
924,1.0,10.0,0.0,0.0
925,1.0,10.0,0.0,0.0
926,2.0,10.0,0.0,0.0
927,3.0,8.0,1.0,0.0
928,11.0,-12.0,6.0,0.0
929,1.0,10.0,0.0,0.0
930,11.0,-6.0,3.0,0.0
931,1.0,10.0,0.0,0.0
932,1.0,10.0,0.0,0.0
933,11.0,-16.0,8.0,0.0
934,9.0,-16.0,5.0,0.0
935,1.0,10.0,0.0,0.0
936,2.0,10.0,0.0,0.0
937,3.0,8.0,1.0,0.0
938,5.0,6.0,2.0,0.0
939,1.0,10.0,0.0,0.0
940,1.0,10.0,0.0,0.0
941,1.0,10.0,0.0,0.0
942,2.0,10.0,0.0,0.0
943,2.0,10.0,0.0,0.0
944,11.0,-14.0,7.0,0.0
945,1.0,10.0,0.0,0.0
946,1.0,10.0,0.0,0.0
947,1.0,10.0,0.0,0.0
948,1.0,10.0,0.0,0.0
949,2.0,10.0,0.0,0.0
950,6.0,4.0,3.0,0.0
951,4.0,-2.0,2.0,0.0
952,4.0,8.0,1.0,0.0
953,1.0,10.0,0.0,0.0
954,2.0,10.0,0.0,0.0
955,4.0,8.0,1.0,0.0
956,1.0,10.0,0.0,0.0
957,1.0,10.0,0.0,0.0
958,1.0,10.0,0.0,0.0
959,2.0,10.0,0.0,0.0
960,1.0,10.0,0.0,0.0
961,1.0,10.0,0.0,0.0
962,1.0,10.0,0.0,0.0
963,1.0,10.0,0.0,0.0
964,1.0,10.0,0.0,0.0
965,1.0,10.0,0.0,0.0
966,1.0,10.0,0.0,0.0
967,2.0,10.0,0.0,0.0
968,1.0,10.0,0.0,0.0
969,2.0,10.0,0.0,0.0
970,1.0,10.0,0.0,0.0
971,7.0,6.0,2.0,0.0
972,1.0,10.0,0.0,0.0
973,1.0,10.0,0.0,0.0
974,1.0,10.0,0.0,0.0
975,1.0,10.0,0.0,0.0
976,1.0,10.0,0.0,0.0
977,2.0,0.0,1.0,0.0
978,1.0,10.0,0.0,0.0
979,2.0,10.0,0.0,0.0
980,1.0,10.0,0.0,0.0
981,7.0,4.0,3.0,0.0
982,1.0,10.0,0.0,0.0
983,1.0,10.0,0.0,0.0
984,1.0,10.0,0.0,0.0
985,2.0,8.0,1.0,0.0
986,1.0,10.0,0.0,0.0
987,2.0,10.0,0.0,0.0
988,7.0,6.0,2.0,0.0
989,1.0,10.0,0.0,0.0
990,2.0,10.0,0.0,0.0
991,1.0,10.0,0.0,0.0
992,1.0,10.0,0.0,0.0
993,1.0,10.0,0.0,0.0
994,2.0,10.0,0.0,0.0
995,1.0,10.0,0.0,0.0
996,3.0,10.0,0.0,0.0
997,1.0,10.0,0.0,0.0
998,2.0,10.0,0.0,0.0
999,2.0,10.0,0.0,0.0
1000,3.0,-2.0,2.0,0.0
1001,2.0,10.0,0.0,0.0
1002,1.0,10.0,0.0,0.0
1003,1.0,10.0,0.0,0.0
1004,2.0,8.0,1.0,0.0
1005,1.0,10.0,0.0,0.0
1006,1.0,10.0,0.0,0.0
1007,2.0,8.0,1.0,0.0
1008,1.0,10.0,0.0,0.0
1009,1.0,10.0,0.0,0.0
1010,1.0,10.0,0.0,0.0
1011,1.0,10.0,0.0,0.0
1012,1.0,10.0,0.0,0.0
1013,1.0,10.0,0.0,0.0
1014,1.0,10.0,0.0,0.0
1015,5.0,-4.0,3.0,0.0
1016,1.0,10.0,0.0,0.0
1017,2.0,10.0,0.0,0.0
1018,2.0,0.0,1.0,0.0
1019,1.0,10.0,0.0,0.0
1020,5.0,4.0,3.0,0.0
1021,2.0,10.0,0.0,0.0
1022,1.0,10.0,0.0,0.0
1023,2.0,8.0,1.0,0.0
1024,1.0,10.0,0.0,0.0
1025,1.0,10.0,0.0,0.0
1026,1.0,10.0,0.0,0.0
1027,1.0,10.0,0.0,0.0
1028,11.0,-16.0,8.0,0.0
1029,2.0,10.0,0.0,0.0
1030,2.0,10.0,0.0,0.0
1031,2.0,10.0,0.0,0.0
1032,6.0,-4.0,3.0,0.0
1033,2.0,0.0,1.0,0.0
1034,1.0,10.0,0.0,0.0
1035,1.0,10.0,0.0,0.0
1036,4.0,-2.0,2.0,0.0
1037,3.0,0.0,1.0,0.0
1038,2.0,8.0,1.0,0.0
1039,1.0,10.0,0.0,0.0
1040,1.0,10.0,0.0,0.0
1041,11.0,-26.0,9.0,0.0
1042,2.0,10.0,0.0,0.0
1043,2.0,10.0,0.0,0.0
1044,1.0,10.0,0.0,0.0
1045,1.0,10.0,0.0,0.0
1046,2.0,10.0,0.0,0.0
1047,1.0,10.0,0.0,0.0
1048,1.0,10.0,0.0,0.0
1049,1.0,10.0,0.0,0.0
1050,1.0,10.0,0.0,0.0
1051,1.0,10.0,0.0,0.0
1052,11.0,-22.0,7.0,0.0
1053,1.0,10.0,0.0,0.0
1054,3.0,8.0,1.0,0.0
1055,2.0,10.0,0.0,0.0
1056,1.0,10.0,0.0,0.0
1057,1.0,10.0,0.0,0.0
1058,1.0,10.0,0.0,0.0
1059,2.0,10.0,0.0,0.0
1060,1.0,10.0,0.0,0.0
1061,1.0,10.0,0.0,0.0
1062,2.0,8.0,1.0,0.0
1063,2.0,8.0,1.0,0.0
1064,2.0,10.0,0.0,0.0
1065,1.0,10.0,0.0,0.0
1066,2.0,10.0,0.0,0.0
1067,1.0,10.0,0.0,0.0
1068,3.0,10.0,0.0,0.0
1069,4.0,6.0,2.0,0.0
1070,1.0,10.0,0.0,0.0
1071,1.0,10.0,0.0,0.0
1072,1.0,10.0,0.0,0.0
1073,1.0,10.0,0.0,0.0
1074,1.0,10.0,0.0,0.0
1075,1.0,10.0,0.0,0.0
1076,1.0,10.0,0.0,0.0
1077,5.0,8.0,1.0,0.0
1078,3.0,0.0,1.0,0.0
1079,1.0,10.0,0.0,0.0
1080,1.0,10.0,0.0,0.0
1081,1.0,10.0,0.0,0.0
1082,1.0,10.0,0.0,0.0
1083,1.0,10.0,0.0,0.0
1084,4.0,8.0,1.0,0.0
1085,1.0,10.0,0.0,0.0
1086,1.0,10.0,0.0,0.0
1087,3.0,10.0,0.0,0.0
1088,11.0,-10.0,5.0,0.0
1089,1.0,10.0,0.0,0.0
1090,1.0,10.0,0.0,0.0
1091,1.0,10.0,0.0,0.0
1092,1.0,10.0,0.0,0.0
1093,1.0,10.0,0.0,0.0
1094,3.0,8.0,1.0,0.0
1095,1.0,10.0,0.0,0.0
1096,1.0,10.0,0.0,0.0
1097,2.0,10.0,0.0,0.0
1098,1.0,10.0,0.0,0.0
1099,6.0,4.0,3.0,0.0
1100,1.0,10.0,0.0,0.0
1101,1.0,10.0,0.0,0.0
1102,1.0,10.0,0.0,0.0
1103,1.0,10.0,0.0,0.0
1104,1.0,10.0,0.0,0.0
1105,1.0,10.0,0.0,0.0
1106,2.0,10.0,0.0,0.0
1107,11.0,-16.0,8.0,0.0
1108,2.0,10.0,0.0,0.0
1109,1.0,10.0,0.0,0.0
1110,1.0,10.0,0.0,0.0
1111,1.0,10.0,0.0,0.0
1112,4.0,6.0,2.0,0.0
1113,1.0,10.0,0.0,0.0
1114,1.0,10.0,0.0,0.0
1115,2.0,10.0,0.0,0.0
1116,1.0,10.0,0.0,0.0
1117,1.0,10.0,0.0,0.0
1118,3.0,-10.0,2.0,0.0
1119,5.0,8.0,1.0,0.0
1120,2.0,8.0,1.0,0.0
1121,1.0,10.0,0.0,0.0
1122,1.0,10.0,0.0,0.0
1123,1.0,10.0,0.0,0.0
1124,3.0,8.0,1.0,0.0
1125,1.0,10.0,0.0,0.0
1126,1.0,10.0,0.0,0.0
1127,1.0,10.0,0.0,0.0
1128,1.0,10.0,0.0,0.0
1129,1.0,10.0,0.0,0.0
1130,3.0,8.0,1.0,0.0
1131,11.0,-14.0,7.0,0.0
1132,1.0,10.0,0.0,0.0
1133,1.0,10.0,0.0,0.0
1134,1.0,10.0,0.0,0.0
1135,2.0,8.0,1.0,0.0
1136,1.0,10.0,0.0,0.0
1137,2.0,0.0,1.0,0.0
1138,1.0,10.0,0.0,0.0
1139,1.0,10.0,0.0,0.0
1140,1.0,10.0,0.0,0.0
1141,2.0,8.0,1.0,0.0
1142,1.0,10.0,0.0,0.0
1143,2.0,10.0,0.0,0.0
1144,4.0,0.0,1.0,0.0
1145,1.0,10.0,0.0,0.0
1146,4.0,6.0,2.0,0.0
1147,3.0,8.0,1.0,0.0
1148,2.0,0.0,1.0,0.0
1149,1.0,10.0,0.0,0.0
1150,11.0,-18.0,9.0,0.0
1151,2.0,10.0,0.0,0.0
1152,1.0,10.0,0.0,0.0
1153,1.0,10.0,0.0,0.0
1154,1.0,10.0,0.0,0.0
1155,1.0,10.0,0.0,0.0
1156,1.0,10.0,0.0,0.0
1157,1.0,10.0,0.0,0.0
1158,1.0,10.0,0.0,0.0
1159,2.0,10.0,0.0,0.0
1160,1.0,10.0,0.0,0.0
1161,1.0,10.0,0.0,0.0
1162,5.0,6.0,2.0,0.0
1163,1.0,10.0,0.0,0.0
1164,1.0,10.0,0.0,0.0
1165,11.0,-8.0,4.0,0.0
1166,2.0,10.0,0.0,0.0
1167,1.0,10.0,0.0,0.0
1168,4.0,8.0,1.0,0.0
1169,1.0,10.0,0.0,0.0
1170,1.0,10.0,0.0,0.0
1171,2.0,10.0,0.0,0.0
1172,2.0,10.0,0.0,0.0
1173,11.0,-6.0,3.0,0.0
1174,1.0,10.0,0.0,0.0
1175,11.0,-22.0,7.0,0.0
1176,1.0,10.0,0.0,0.0
1177,1.0,10.0,0.0,0.0
1178,2.0,10.0,0.0,0.0
1179,1.0,10.0,0.0,0.0
1180,4.0,10.0,0.0,0.0
1181,3.0,8.0,1.0,0.0
1182,2.0,0.0,1.0,0.0
1183,1.0,10.0,0.0,0.0
1184,1.0,10.0,0.0,0.0
1185,2.0,0.0,1.0,0.0
1186,1.0,10.0,0.0,0.0
1187,1.0,10.0,0.0,0.0
1188,2.0,10.0,0.0,0.0
1189,1.0,10.0,0.0,0.0
1190,1.0,10.0,0.0,0.0
1191,1.0,10.0,0.0,0.0
1192,1.0,10.0,0.0,0.0
1193,2.0,10.0,0.0,0.0
1194,1.0,10.0,0.0,0.0
1195,2.0,10.0,0.0,0.0
1196,1.0,10.0,0.0,0.0
1197,1.0,10.0,0.0,0.0
1198,1.0,10.0,0.0,0.0
1199,1.0,10.0,0.0,0.0
1200,1.0,10.0,0.0,0.0
1201,1.0,10.0,0.0,0.0
1202,1.0,10.0,0.0,0.0
1203,3.0,8.0,1.0,0.0
1204,1.0,10.0,0.0,0.0
1205,1.0,10.0,0.0,0.0
1206,1.0,10.0,0.0,0.0
1207,1.0,10.0,0.0,0.0
1208,1.0,10.0,0.0,0.0
1209,2.0,10.0,0.0,0.0
1210,1.0,10.0,0.0,0.0
1211,1.0,10.0,0.0,0.0
1212,2.0,10.0,0.0,0.0
1213,1.0,10.0,0.0,0.0
1214,1.0,10.0,0.0,0.0
1215,1.0,10.0,0.0,0.0
1216,3.0,10.0,0.0,0.0
1217,1.0,10.0,0.0,0.0
1218,1.0,10.0,0.0,0.0
1219,1.0,10.0,0.0,0.0
1220,5.0,6.0,2.0,0.0
1221,1.0,10.0,0.0,0.0
1222,1.0,10.0,0.0,0.0
1223,2.0,0.0,1.0,0.0
1224,1.0,10.0,0.0,0.0
1225,1.0,10.0,0.0,0.0
1226,1.0,10.0,0.0,0.0
1227,7.0,-2.0,2.0,0.0
1228,1.0,10.0,0.0,0.0
1229,1.0,10.0,0.0,0.0
1230,2.0,10.0,0.0,0.0
1231,1.0,10.0,0.0,0.0
1232,1.0,10.0,0.0,0.0
1233,1.0,10.0,0.0,0.0
1234,2.0,10.0,0.0,0.0
1235,1.0,10.0,0.0,0.0
1236,4.0,6.0,2.0,0.0
1237,6.0,6.0,2.0,0.0
1238,10.0,-10.0,6.0,0.0
1239,1.0,10.0,0.0,0.0
1240,1.0,10.0,0.0,0.0
1241,1.0,10.0,0.0,0.0
1242,1.0,10.0,0.0,0.0
1243,2.0,10.0,0.0,0.0
1244,1.0,10.0,0.0,0.0
1245,1.0,10.0,0.0,0.0
1246,3.0,10.0,0.0,0.0
1247,1.0,10.0,0.0,0.0
1248,1.0,10.0,0.0,0.0
1249,2.0,8.0,1.0,0.0
1250,7.0,0.0,5.0,0.0
1251,1.0,10.0,0.0,0.0
1252,5.0,6.0,2.0,0.0
1253,1.0,10.0,0.0,0.0
1254,1.0,10.0,0.0,0.0
1255,2.0,10.0,0.0,0.0
1256,1.0,10.0,0.0,0.0
1257,1.0,10.0,0.0,0.0
1258,2.0,10.0,0.0,0.0
1259,1.0,10.0,0.0,0.0
1260,1.0,10.0,0.0,0.0
1261,2.0,10.0,0.0,0.0
1262,3.0,10.0,0.0,0.0
1263,1.0,10.0,0.0,0.0
1264,1.0,10.0,0.0,0.0
1265,1.0,10.0,0.0,0.0
1266,1.0,10.0,0.0,0.0
1267,2.0,10.0,0.0,0.0
1268,2.0,10.0,0.0,0.0
1269,1.0,10.0,0.0,0.0
1270,5.0,4.0,3.0,0.0
1271,11.0,-16.0,8.0,0.0
1272,1.0,10.0,0.0,0.0
1273,1.0,10.0,0.0,0.0
1274,1.0,10.0,0.0,0.0
1275,1.0,10.0,0.0,0.0
1276,1.0,10.0,0.0,0.0
1277,1.0,10.0,0.0,0.0
1278,1.0,10.0,0.0,0.0
1279,1.0,10.0,0.0,0.0
1280,1.0,10.0,0.0,0.0
1281,2.0,10.0,0.0,0.0
1282,1.0,10.0,0.0,0.0
1283,1.0,10.0,0.0,0.0
1284,1.0,10.0,0.0,0.0
1285,4.0,8.0,1.0,0.0
1286,1.0,10.0,0.0,0.0
1287,1.0,10.0,0.0,0.0
1288,1.0,10.0,0.0,0.0
1289,10.0,-4.0,7.0,0.0
1290,1.0,10.0,0.0,0.0
1291,1.0,10.0,0.0,0.0
1292,1.0,10.0,0.0,0.0
1293,1.0,10.0,0.0,0.0
1294,1.0,10.0,0.0,0.0
1295,1.0,10.0,0.0,0.0
1296,1.0,10.0,0.0,0.0
1297,1.0,10.0,0.0,0.0
1298,1.0,10.0,0.0,0.0
1299,1.0,10.0,0.0,0.0
1300,2.0,10.0,0.0,0.0
1301,1.0,10.0,0.0,0.0
1302,1.0,10.0,0.0,0.0
1303,1.0,10.0,0.0,0.0
1304,9.0,-12.0,7.0,0.0
1305,1.0,10.0,0.0,0.0
1306,3.0,8.0,1.0,0.0
1307,1.0,10.0,0.0,0.0
1308,3.0,8.0,1.0,0.0
1309,1.0,10.0,0.0,0.0
1310,1.0,10.0,0.0,0.0
1311,1.0,10.0,0.0,0.0
1312,10.0,-2.0,6.0,0.0
1313,3.0,10.0,0.0,0.0
1314,10.0,-22.0,4.0,0.0
1315,7.0,4.0,3.0,0.0
1316,1.0,10.0,0.0,0.0
1317,11.0,-22.0,7.0,0.0
1318,1.0,10.0,0.0,0.0
1319,4.0,6.0,2.0,0.0
1320,1.0,10.0,0.0,0.0
1321,1.0,10.0,0.0,0.0
1322,1.0,10.0,0.0,0.0
1323,1.0,10.0,0.0,0.0
1324,1.0,10.0,0.0,0.0
1325,1.0,10.0,0.0,0.0
1326,1.0,10.0,0.0,0.0
1327,1.0,10.0,0.0,0.0
1328,1.0,10.0,0.0,0.0
1329,1.0,10.0,0.0,0.0
1330,1.0,10.0,0.0,0.0
1331,9.0,-10.0,6.0,0.0
1332,1.0,10.0,0.0,0.0
1333,1.0,10.0,0.0,0.0
1334,1.0,10.0,0.0,0.0
1335,2.0,10.0,0.0,0.0
1336,1.0,10.0,0.0,0.0
1337,1.0,10.0,0.0,0.0
1338,1.0,10.0,0.0,0.0
1339,1.0,10.0,0.0,0.0
1340,1.0,10.0,0.0,0.0
1341,1.0,10.0,0.0,0.0
1342,2.0,10.0,0.0,0.0
1343,1.0,10.0,0.0,0.0
1344,1.0,10.0,0.0,0.0
1345,11.0,-16.0,8.0,0.0
1346,2.0,10.0,0.0,0.0
1347,2.0,10.0,0.0,0.0
1348,3.0,8.0,1.0,0.0
1349,1.0,10.0,0.0,0.0
1350,1.0,10.0,0.0,0.0
1351,1.0,10.0,0.0,0.0
1352,1.0,10.0,0.0,0.0
1353,3.0,8.0,1.0,0.0
1354,8.0,-8.0,5.0,0.0
1355,1.0,10.0,0.0,0.0
1356,1.0,10.0,0.0,0.0
1357,1.0,10.0,0.0,0.0
1358,1.0,10.0,0.0,0.0
1359,1.0,10.0,0.0,0.0
1360,2.0,10.0,0.0,0.0
1361,1.0,10.0,0.0,0.0
1362,1.0,10.0,0.0,0.0
1363,1.0,10.0,0.0,0.0
1364,1.0,10.0,0.0,0.0
1365,5.0,8.0,1.0,0.0
1366,2.0,10.0,0.0,0.0
1367,1.0,10.0,0.0,0.0
1368,3.0,8.0,1.0,0.0
1369,1.0,10.0,0.0,0.0
1370,6.0,6.0,2.0,0.0
1371,1.0,10.0,0.0,0.0
1372,4.0,6.0,2.0,0.0
1373,1.0,10.0,0.0,0.0
1374,2.0,10.0,0.0,0.0
1375,1.0,10.0,0.0,0.0
1376,4.0,8.0,1.0,0.0
1377,1.0,10.0,0.0,0.0
1378,1.0,10.0,0.0,0.0
1379,1.0,10.0,0.0,0.0
1380,11.0,-16.0,4.0,0.0
1381,1.0,10.0,0.0,0.0
1382,1.0,10.0,0.0,0.0
1383,5.0,4.0,3.0,0.0
1384,1.0,10.0,0.0,0.0
1385,1.0,10.0,0.0,0.0
1386,1.0,10.0,0.0,0.0
1387,1.0,10.0,0.0,0.0
1388,5.0,6.0,2.0,0.0
1389,1.0,10.0,0.0,0.0
1390,1.0,10.0,0.0,0.0
1391,1.0,10.0,0.0,0.0
1392,3.0,10.0,0.0,0.0
1393,9.0,-4.0,3.0,0.0
1394,2.0,10.0,0.0,0.0
1395,1.0,10.0,0.0,0.0
1396,1.0,10.0,0.0,0.0
1397,1.0,10.0,0.0,0.0
1398,2.0,0.0,1.0,0.0
1399,1.0,10.0,0.0,0.0
1400,4.0,6.0,2.0,0.0
1401,1.0,10.0,0.0,0.0
1402,1.0,10.0,0.0,0.0
1403,1.0,10.0,0.0,0.0
1404,1.0,10.0,0.0,0.0
1405,1.0,10.0,0.0,0.0
1406,1.0,10.0,0.0,0.0
1407,1.0,10.0,0.0,0.0
1408,2.0,10.0,0.0,0.0
1409,1.0,10.0,0.0,0.0
1410,11.0,-16.0,8.0,0.0
1411,1.0,10.0,0.0,0.0
1412,11.0,-12.0,6.0,0.0
1413,1.0,10.0,0.0,0.0
1414,1.0,10.0,0.0,0.0
1415,1.0,10.0,0.0,0.0
1416,1.0,10.0,0.0,0.0
1417,1.0,10.0,0.0,0.0
1418,1.0,10.0,0.0,0.0
1419,1.0,10.0,0.0,0.0
1420,1.0,10.0,0.0,0.0
1421,6.0,6.0,2.0,0.0
1422,1.0,10.0,0.0,0.0
1423,3.0,8.0,1.0,0.0
1424,1.0,10.0,0.0,0.0
1425,1.0,10.0,0.0,0.0
1426,1.0,10.0,0.0,0.0
1427,1.0,10.0,0.0,0.0
1428,1.0,10.0,0.0,0.0
1429,1.0,10.0,0.0,0.0
1430,11.0,-10.0,5.0,0.0
1431,11.0,-10.0,5.0,0.0
1432,5.0,4.0,3.0,0.0
1433,1.0,10.0,0.0,0.0
1434,11.0,-14.0,7.0,0.0
1435,1.0,10.0,0.0,0.0
1436,3.0,10.0,0.0,0.0
1437,1.0,10.0,0.0,0.0
1438,1.0,10.0,0.0,0.0
1439,2.0,10.0,0.0,0.0
1440,1.0,10.0,0.0,0.0
1441,1.0,10.0,0.0,0.0
1442,6.0,4.0,3.0,0.0
1443,1.0,10.0,0.0,0.0
1444,2.0,10.0,0.0,0.0
1445,1.0,10.0,0.0,0.0
1446,1.0,10.0,0.0,0.0
1447,2.0,10.0,0.0,0.0
1448,2.0,10.0,0.0,0.0
1449,2.0,8.0,1.0,0.0
1450,1.0,10.0,0.0,0.0
1451,3.0,0.0,1.0,0.0
1452,1.0,10.0,0.0,0.0
1453,2.0,0.0,1.0,0.0
1454,2.0,10.0,0.0,0.0
1455,1.0,10.0,0.0,0.0
1456,1.0,10.0,0.0,0.0
1457,11.0,-28.0,10.0,0.0
1458,4.0,8.0,1.0,0.0
1459,1.0,10.0,0.0,0.0
1460,1.0,10.0,0.0,0.0
1461,1.0,10.0,0.0,0.0
1462,1.0,10.0,0.0,0.0
1463,1.0,10.0,0.0,0.0
1464,1.0,10.0,0.0,0.0
1465,1.0,10.0,0.0,0.0
1466,1.0,10.0,0.0,0.0
1467,1.0,10.0,0.0,0.0
1468,1.0,10.0,0.0,0.0
1469,1.0,10.0,0.0,0.0
1470,4.0,6.0,2.0,0.0
1471,1.0,10.0,0.0,0.0
1472,1.0,10.0,0.0,0.0
1473,1.0,10.0,0.0,0.0
1474,1.0,10.0,0.0,0.0
1475,1.0,10.0,0.0,0.0
1476,5.0,4.0,3.0,0.0
1477,2.0,10.0,0.0,0.0
1478,2.0,10.0,0.0,0.0
1479,1.0,10.0,0.0,0.0
1480,1.0,10.0,0.0,0.0
1481,1.0,10.0,0.0,0.0
1482,1.0,10.0,0.0,0.0
1483,4.0,6.0,2.0,0.0
1484,2.0,8.0,1.0,0.0
1485,10.0,-6.0,4.0,0.0
1486,1.0,10.0,0.0,0.0
1487,1.0,10.0,0.0,0.0
1488,1.0,10.0,0.0,0.0
1489,1.0,10.0,0.0,0.0
1490,2.0,10.0,0.0,0.0
1491,1.0,10.0,0.0,0.0
1492,1.0,10.0,0.0,0.0
1493,1.0,10.0,0.0,0.0
1494,2.0,8.0,1.0,0.0
1495,1.0,10.0,0.0,0.0
1496,1.0,10.0,0.0,0.0
1497,3.0,8.0,1.0,0.0
1498,1.0,10.0,0.0,0.0
1499,2.0,10.0,0.0,0.0
1500,1.0,10.0,0.0,0.0
1501,1.0,10.0,0.0,0.0
1502,1.0,10.0,0.0,0.0
1503,3.0,8.0,1.0,0.0
1504,5.0,4.0,3.0,0.0
1505,2.0,10.0,0.0,0.0
1506,4.0,6.0,2.0,0.0
1507,11.0,-14.0,7.0,0.0
1508,1.0,10.0,0.0,0.0
1509,11.0,-16.0,8.0,0.0
1510,1.0,10.0,0.0,0.0
1511,1.0,10.0,0.0,0.0
1512,3.0,8.0,1.0,0.0
1513,11.0,-22.0,7.0,0.0
1514,1.0,10.0,0.0,0.0
1515,1.0,10.0,0.0,0.0
1516,4.0,6.0,2.0,0.0
1517,2.0,10.0,0.0,0.0
1518,5.0,-4.0,3.0,0.0
1519,6.0,4.0,3.0,0.0
1520,2.0,0.0,1.0,0.0
1521,1.0,10.0,0.0,0.0
1522,1.0,10.0,0.0,0.0
1523,2.0,10.0,0.0,0.0
1524,1.0,10.0,0.0,0.0
1525,1.0,10.0,0.0,0.0
1526,1.0,10.0,0.0,0.0
1527,1.0,10.0,0.0,0.0
1528,1.0,10.0,0.0,0.0
1529,3.0,8.0,1.0,0.0
1530,2.0,10.0,0.0,0.0
1531,1.0,10.0,0.0,0.0
1532,2.0,10.0,0.0,0.0
1533,3.0,10.0,0.0,0.0
1534,1.0,10.0,0.0,0.0
1535,2.0,0.0,1.0,0.0
1536,1.0,10.0,0.0,0.0
1537,4.0,6.0,2.0,0.0
1538,1.0,10.0,0.0,0.0
1539,2.0,8.0,1.0,0.0
1540,1.0,10.0,0.0,0.0
1541,1.0,10.0,0.0,0.0
1542,1.0,10.0,0.0,0.0
1543,7.0,6.0,2.0,0.0
1544,1.0,10.0,0.0,0.0
1545,3.0,0.0,1.0,0.0
1546,1.0,10.0,0.0,0.0
1547,11.0,-14.0,7.0,0.0
1548,3.0,8.0,1.0,0.0
1549,1.0,10.0,0.0,0.0
1550,1.0,10.0,0.0,0.0
1551,1.0,10.0,0.0,0.0
1552,1.0,10.0,0.0,0.0
1553,2.0,10.0,0.0,0.0
1554,11.0,-16.0,8.0,0.0
1555,1.0,10.0,0.0,0.0
1556,1.0,10.0,0.0,0.0
1557,1.0,10.0,0.0,0.0
1558,2.0,10.0,0.0,0.0
1559,1.0,10.0,0.0,0.0
1560,9.0,-2.0,6.0,0.0
1561,2.0,8.0,1.0,0.0
1562,4.0,6.0,2.0,0.0
1563,1.0,10.0,0.0,0.0
1564,1.0,10.0,0.0,0.0
1565,2.0,10.0,0.0,0.0
1566,1.0,10.0,0.0,0.0
1567,1.0,10.0,0.0,0.0
1568,1.0,10.0,0.0,0.0
1569,1.0,10.0,0.0,0.0
1570,11.0,-10.0,5.0,0.0
1571,1.0,10.0,0.0,0.0
1572,3.0,8.0,1.0,0.0
1573,1.0,10.0,0.0,0.0
1574,7.0,-10.0,2.0,0.0
1575,1.0,10.0,0.0,0.0
1576,1.0,10.0,0.0,0.0
1577,1.0,10.0,0.0,0.0
1578,2.0,10.0,0.0,0.0
1579,1.0,10.0,0.0,0.0
1580,5.0,6.0,2.0,0.0
1581,2.0,10.0,0.0,0.0
1582,1.0,10.0,0.0,0.0
1583,1.0,10.0,0.0,0.0
1584,1.0,10.0,0.0,0.0
1585,1.0,10.0,0.0,0.0
1586,1.0,10.0,0.0,0.0
1587,1.0,10.0,0.0,0.0
1588,1.0,10.0,0.0,0.0
1589,1.0,10.0,0.0,0.0
1590,1.0,10.0,0.0,0.0
1591,1.0,10.0,0.0,0.0
1592,1.0,10.0,0.0,0.0
1593,1.0,10.0,0.0,0.0
1594,1.0,10.0,0.0,0.0
1595,1.0,10.0,0.0,0.0
1596,1.0,10.0,0.0,0.0
1597,2.0,10.0,0.0,0.0
1598,1.0,10.0,0.0,0.0
1599,2.0,10.0,0.0,0.0
1600,1.0,10.0,0.0,0.0
1601,3.0,8.0,1.0,0.0
1602,3.0,8.0,1.0,0.0
1603,1.0,10.0,0.0,0.0
1604,2.0,0.0,1.0,0.0
1605,1.0,10.0,0.0,0.0
1606,3.0,8.0,1.0,0.0
1607,1.0,10.0,0.0,0.0
1608,1.0,10.0,0.0,0.0
1609,11.0,-10.0,5.0,0.0
1610,3.0,8.0,1.0,0.0
1611,1.0,10.0,0.0,0.0
1612,2.0,0.0,1.0,0.0
1613,1.0,10.0,0.0,0.0
1614,1.0,10.0,0.0,0.0
1615,1.0,10.0,0.0,0.0
1616,1.0,10.0,0.0,0.0
1617,1.0,10.0,0.0,0.0
1618,1.0,10.0,0.0,0.0
1619,1.0,10.0,0.0,0.0
1620,1.0,10.0,0.0,0.0
1621,6.0,-2.0,2.0,0.0
1622,1.0,10.0,0.0,0.0
1623,1.0,10.0,0.0,0.0
1624,1.0,10.0,0.0,0.0
1625,1.0,10.0,0.0,0.0
1626,1.0,10.0,0.0,0.0
1627,1.0,10.0,0.0,0.0
1628,1.0,10.0,0.0,0.0
1629,1.0,10.0,0.0,0.0
1630,1.0,10.0,0.0,0.0
1631,1.0,10.0,0.0,0.0
1632,1.0,10.0,0.0,0.0
1633,6.0,6.0,2.0,0.0
1634,1.0,10.0,0.0,0.0
1635,11.0,-18.0,9.0,0.0
1636,2.0,10.0,0.0,0.0
1637,1.0,10.0,0.0,0.0
1638,1.0,10.0,0.0,0.0
1639,1.0,10.0,0.0,0.0
1640,1.0,10.0,0.0,0.0
1641,1.0,10.0,0.0,0.0
1642,1.0,10.0,0.0,0.0
1643,11.0,-12.0,6.0,0.0
1644,3.0,8.0,1.0,0.0
1645,11.0,-20.0,10.0,0.0
1646,3.0,8.0,1.0,0.0
1647,1.0,10.0,0.0,0.0
1648,1.0,10.0,0.0,0.0
1649,1.0,10.0,0.0,0.0
1650,1.0,10.0,0.0,0.0
1651,1.0,10.0,0.0,0.0
1652,2.0,10.0,0.0,0.0
1653,1.0,10.0,0.0,0.0
1654,1.0,10.0,0.0,0.0
1655,1.0,10.0,0.0,0.0
1656,1.0,10.0,0.0,0.0
1657,1.0,10.0,0.0,0.0
1658,1.0,10.0,0.0,0.0
1659,1.0,10.0,0.0,0.0
1660,1.0,10.0,0.0,0.0
1661,1.0,10.0,0.0,0.0
1662,3.0,0.0,1.0,0.0
1663,1.0,10.0,0.0,0.0
1664,1.0,10.0,0.0,0.0
1665,8.0,-6.0,4.0,0.0
1666,1.0,10.0,0.0,0.0
1667,1.0,10.0,0.0,0.0
1668,2.0,8.0,1.0,0.0
1669,1.0,10.0,0.0,0.0
1670,1.0,10.0,0.0,0.0
1671,1.0,10.0,0.0,0.0
1672,1.0,10.0,0.0,0.0
1673,1.0,10.0,0.0,0.0
1674,1.0,10.0,0.0,0.0
1675,1.0,10.0,0.0,0.0
1676,1.0,10.0,0.0,0.0
1677,1.0,10.0,0.0,0.0
1678,1.0,10.0,0.0,0.0
1679,1.0,10.0,0.0,0.0
1680,1.0,10.0,0.0,0.0
1681,1.0,10.0,0.0,0.0
1682,1.0,10.0,0.0,0.0
1683,1.0,10.0,0.0,0.0
1684,1.0,10.0,0.0,0.0
1685,1.0,10.0,0.0,0.0
1686,3.0,0.0,1.0,0.0
1687,1.0,10.0,0.0,0.0
1688,2.0,10.0,0.0,0.0
1689,1.0,10.0,0.0,0.0
1690,1.0,10.0,0.0,0.0
1691,1.0,10.0,0.0,0.0
1692,2.0,10.0,0.0,0.0
1693,1.0,10.0,0.0,0.0
1694,1.0,10.0,0.0,0.0
1695,1.0,10.0,0.0,0.0
1696,10.0,-12.0,3.0,0.0
1697,11.0,-18.0,9.0,0.0
1698,1.0,10.0,0.0,0.0
1699,11.0,-18.0,9.0,0.0
1700,2.0,8.0,1.0,0.0
1701,1.0,10.0,0.0,0.0
1702,1.0,10.0,0.0,0.0
1703,1.0,10.0,0.0,0.0
1704,3.0,0.0,1.0,0.0
1705,1.0,10.0,0.0,0.0
1706,1.0,10.0,0.0,0.0
1707,1.0,10.0,0.0,0.0
1708,1.0,10.0,0.0,0.0
1709,1.0,10.0,0.0,0.0
1710,1.0,10.0,0.0,0.0
1711,1.0,10.0,0.0,0.0
1712,1.0,10.0,0.0,0.0
1713,2.0,10.0,0.0,0.0
1714,1.0,10.0,0.0,0.0
1715,1.0,10.0,0.0,0.0
1716,1.0,10.0,0.0,0.0
1717,7.0,-2.0,2.0,0.0
1718,1.0,10.0,0.0,0.0
1719,1.0,10.0,0.0,0.0
1720,1.0,10.0,0.0,0.0
1721,1.0,10.0,0.0,0.0
1722,1.0,10.0,0.0,0.0
1723,3.0,10.0,0.0,0.0
1724,1.0,10.0,0.0,0.0
1725,2.0,10.0,0.0,0.0
1726,4.0,6.0,2.0,0.0
1727,3.0,8.0,1.0,0.0
1728,2.0,10.0,0.0,0.0
1729,1.0,10.0,0.0,0.0
1730,1.0,10.0,0.0,0.0
1731,1.0,10.0,0.0,0.0
1732,1.0,10.0,0.0,0.0
1733,1.0,10.0,0.0,0.0
1734,1.0,10.0,0.0,0.0
1735,11.0,-16.0,8.0,0.0
1736,1.0,10.0,0.0,0.0
1737,1.0,10.0,0.0,0.0
1738,1.0,10.0,0.0,0.0
1739,1.0,10.0,0.0,0.0
1740,2.0,10.0,0.0,0.0
1741,1.0,10.0,0.0,0.0
1742,1.0,10.0,0.0,0.0
1743,3.0,10.0,0.0,0.0
1744,6.0,6.0,2.0,0.0
1745,2.0,10.0,0.0,0.0
1746,1.0,10.0,0.0,0.0
1747,11.0,-18.0,9.0,0.0
1748,1.0,10.0,0.0,0.0
1749,11.0,-14.0,7.0,0.0
1750,1.0,10.0,0.0,0.0
1751,2.0,10.0,0.0,0.0
1752,2.0,10.0,0.0,0.0
1753,1.0,10.0,0.0,0.0
1754,1.0,10.0,0.0,0.0
1755,2.0,10.0,0.0,0.0
1756,1.0,10.0,0.0,0.0
1757,1.0,10.0,0.0,0.0
1758,1.0,10.0,0.0,0.0
1759,1.0,10.0,0.0,0.0
1760,2.0,10.0,0.0,0.0
1761,1.0,10.0,0.0,0.0
1762,1.0,10.0,0.0,0.0
1763,1.0,10.0,0.0,0.0
1764,1.0,10.0,0.0,0.0
1765,1.0,10.0,0.0,0.0
1766,5.0,6.0,2.0,0.0
1767,2.0,10.0,0.0,0.0
1768,7.0,-2.0,2.0,0.0
1769,3.0,0.0,1.0,0.0
1770,2.0,10.0,0.0,0.0
1771,1.0,10.0,0.0,0.0
1772,2.0,10.0,0.0,0.0
1773,3.0,10.0,0.0,0.0
1774,1.0,10.0,0.0,0.0
1775,1.0,10.0,0.0,0.0
1776,3.0,-10.0,2.0,0.0
1777,11.0,-10.0,5.0,0.0
1778,4.0,10.0,0.0,0.0
1779,1.0,10.0,0.0,0.0
1780,11.0,-10.0,6.0,0.0
1781,1.0,10.0,0.0,0.0
1782,1.0,10.0,0.0,0.0
1783,1.0,10.0,0.0,0.0
1784,1.0,10.0,0.0,0.0
1785,1.0,10.0,0.0,0.0
1786,1.0,10.0,0.0,0.0
1787,1.0,10.0,0.0,0.0
1788,1.0,10.0,0.0,0.0
1789,2.0,10.0,0.0,0.0
1790,1.0,10.0,0.0,0.0
1791,11.0,-12.0,6.0,0.0
1792,2.0,10.0,0.0,0.0
1793,1.0,10.0,0.0,0.0
1794,1.0,10.0,0.0,0.0
1795,3.0,8.0,1.0,0.0
1796,1.0,10.0,0.0,0.0
1797,4.0,0.0,1.0,0.0
1798,1.0,10.0,0.0,0.0
1799,2.0,10.0,0.0,0.0
1800,11.0,-18.0,9.0,0.0
1801,1.0,10.0,0.0,0.0
1802,1.0,10.0,0.0,0.0
1803,11.0,-4.0,7.0,0.0
1804,5.0,6.0,2.0,0.0
1805,1.0,10.0,0.0,0.0
1806,11.0,-6.0,3.0,0.0
1807,1.0,10.0,0.0,0.0
1808,1.0,10.0,0.0,0.0
1809,1.0,10.0,0.0,0.0
1810,1.0,10.0,0.0,0.0
1811,1.0,10.0,0.0,0.0
1812,1.0,10.0,0.0,0.0
1813,1.0,10.0,0.0,0.0
1814,2.0,10.0,0.0,0.0
1815,1.0,10.0,0.0,0.0
1816,1.0,10.0,0.0,0.0
1817,1.0,10.0,0.0,0.0
1818,3.0,0.0,1.0,0.0
1819,6.0,6.0,2.0,0.0
1820,1.0,10.0,0.0,0.0
1821,1.0,10.0,0.0,0.0
1822,1.0,10.0,0.0,0.0
1823,2.0,10.0,0.0,0.0
1824,1.0,10.0,0.0,0.0
1825,11.0,-12.0,6.0,0.0
1826,1.0,10.0,0.0,0.0
1827,1.0,10.0,0.0,0.0
1828,1.0,10.0,0.0,0.0
1829,6.0,-2.0,2.0,0.0
1830,1.0,10.0,0.0,0.0
1831,11.0,-22.0,7.0,0.0
1832,1.0,10.0,0.0,0.0
1833,5.0,2.0,4.0,0.0
1834,1.0,10.0,0.0,0.0
1835,1.0,10.0,0.0,0.0
1836,3.0,0.0,1.0,0.0
1837,1.0,10.0,0.0,0.0
1838,1.0,10.0,0.0,0.0
1839,1.0,10.0,0.0,0.0
1840,1.0,10.0,0.0,0.0
1841,1.0,10.0,0.0,0.0
1842,11.0,-14.0,7.0,0.0
1843,1.0,10.0,0.0,0.0
1844,1.0,10.0,0.0,0.0
1845,1.0,10.0,0.0,0.0
1846,11.0,-12.0,7.0,0.0
1847,3.0,8.0,1.0,0.0
1848,2.0,0.0,1.0,0.0
1849,1.0,10.0,0.0,0.0
1850,1.0,10.0,0.0,0.0
1851,11.0,-12.0,6.0,0.0
1852,1.0,10.0,0.0,0.0
1853,1.0,10.0,0.0,0.0
1854,3.0,10.0,0.0,0.0
1855,1.0,10.0,0.0,0.0
1856,4.0,10.0,0.0,0.0
1857,1.0,10.0,0.0,0.0
1858,1.0,10.0,0.0,0.0
1859,1.0,10.0,0.0,0.0
1860,1.0,10.0,0.0,0.0
1861,1.0,10.0,0.0,0.0
1862,3.0,10.0,0.0,0.0
1863,1.0,10.0,0.0,0.0
1864,2.0,10.0,0.0,0.0
1865,11.0,-16.0,8.0,0.0
1866,1.0,10.0,0.0,0.0
1867,5.0,6.0,2.0,0.0
1868,1.0,10.0,0.0,0.0
1869,1.0,10.0,0.0,0.0
1870,1.0,10.0,0.0,0.0
1871,3.0,10.0,0.0,0.0
1872,1.0,10.0,0.0,0.0
1873,3.0,8.0,1.0,0.0
1874,11.0,-18.0,9.0,0.0
1875,11.0,-12.0,6.0,0.0
1876,5.0,6.0,2.0,0.0
1877,11.0,-16.0,8.0,0.0
1878,2.0,10.0,0.0,0.0
1879,1.0,10.0,0.0,0.0
1880,1.0,10.0,0.0,0.0
1881,1.0,10.0,0.0,0.0
1882,1.0,10.0,0.0,0.0
1883,1.0,10.0,0.0,0.0
1884,1.0,10.0,0.0,0.0
1885,1.0,10.0,0.0,0.0
1886,1.0,10.0,0.0,0.0
1887,11.0,-16.0,8.0,0.0
1888,1.0,10.0,0.0,0.0
1889,2.0,10.0,0.0,0.0
1890,2.0,10.0,0.0,0.0
1891,1.0,10.0,0.0,0.0
1892,1.0,10.0,0.0,0.0
1893,1.0,10.0,0.0,0.0
1894,1.0,10.0,0.0,0.0
1895,1.0,10.0,0.0,0.0
1896,1.0,10.0,0.0,0.0
1897,1.0,10.0,0.0,0.0
1898,1.0,10.0,0.0,0.0
1899,3.0,10.0,0.0,0.0
1900,1.0,10.0,0.0,0.0
1901,1.0,10.0,0.0,0.0
1902,1.0,10.0,0.0,0.0
1903,1.0,10.0,0.0,0.0
1904,2.0,10.0,0.0,0.0
1905,1.0,10.0,0.0,0.0
1906,1.0,10.0,0.0,0.0
1907,1.0,10.0,0.0,0.0
1908,1.0,10.0,0.0,0.0
1909,1.0,10.0,0.0,0.0
1910,1.0,10.0,0.0,0.0
1911,11.0,-6.0,3.0,0.0
1912,7.0,-4.0,3.0,0.0
1913,2.0,10.0,0.0,0.0
1914,2.0,10.0,0.0,0.0
1915,10.0,4.0,3.0,0.0
1916,1.0,10.0,0.0,0.0
1917,1.0,10.0,0.0,0.0
1918,4.0,-2.0,2.0,0.0
1919,2.0,10.0,0.0,0.0
1920,1.0,10.0,0.0,0.0
1921,1.0,10.0,0.0,0.0
1922,1.0,10.0,0.0,0.0
1923,1.0,10.0,0.0,0.0
1924,1.0,10.0,0.0,0.0
1925,1.0,10.0,0.0,0.0
1926,1.0,10.0,0.0,0.0
1927,1.0,10.0,0.0,0.0
1928,1.0,10.0,0.0,0.0
1929,2.0,10.0,0.0,0.0
1930,1.0,10.0,0.0,0.0
1931,2.0,10.0,0.0,0.0
1932,1.0,10.0,0.0,0.0
1933,2.0,0.0,1.0,0.0
1934,1.0,10.0,0.0,0.0
1935,2.0,10.0,0.0,0.0
1936,2.0,10.0,0.0,0.0
1937,2.0,10.0,0.0,0.0
1938,2.0,10.0,0.0,0.0
1939,11.0,-22.0,7.0,0.0
1940,1.0,10.0,0.0,0.0
1941,1.0,10.0,0.0,0.0
1942,2.0,10.0,0.0,0.0
1943,1.0,10.0,0.0,0.0
1944,1.0,10.0,0.0,0.0
1945,1.0,10.0,0.0,0.0
1946,1.0,10.0,0.0,0.0
1947,4.0,6.0,2.0,0.0
1948,7.0,8.0,1.0,0.0
1949,1.0,10.0,0.0,0.0
1950,11.0,-32.0,8.0,0.0
1951,1.0,10.0,0.0,0.0
1952,1.0,10.0,0.0,0.0
1953,1.0,10.0,0.0,0.0
1954,2.0,10.0,0.0,0.0
1955,11.0,-20.0,6.0,0.0
1956,1.0,10.0,0.0,0.0
1957,1.0,10.0,0.0,0.0
1958,11.0,-8.0,4.0,0.0
1959,1.0,10.0,0.0,0.0
1960,1.0,10.0,0.0,0.0
1961,1.0,10.0,0.0,0.0
1962,2.0,0.0,1.0,0.0
1963,3.0,8.0,1.0,0.0
1964,2.0,10.0,0.0,0.0
1965,1.0,10.0,0.0,0.0
1966,1.0,10.0,0.0,0.0
1967,1.0,10.0,0.0,0.0
1968,3.0,0.0,1.0,0.0
1969,11.0,-14.0,7.0,0.0
1970,2.0,0.0,1.0,0.0
1971,3.0,8.0,1.0,0.0
1972,1.0,10.0,0.0,0.0
1973,11.0,-24.0,8.0,0.0
1974,1.0,10.0,0.0,0.0
1975,1.0,10.0,0.0,0.0
1976,1.0,10.0,0.0,0.0
1977,3.0,8.0,1.0,0.0
1978,1.0,10.0,0.0,0.0
1979,1.0,10.0,0.0,0.0
1980,1.0,10.0,0.0,0.0
1981,1.0,10.0,0.0,0.0
1982,1.0,10.0,0.0,0.0
1983,1.0,10.0,0.0,0.0
1984,1.0,10.0,0.0,0.0
1985,1.0,10.0,0.0,0.0
1986,2.0,10.0,0.0,0.0
1987,1.0,10.0,0.0,0.0
1988,1.0,10.0,0.0,0.0
1989,2.0,10.0,0.0,0.0
1990,1.0,10.0,0.0,0.0
1991,2.0,10.0,0.0,0.0
1992,1.0,10.0,0.0,0.0
1993,1.0,10.0,0.0,0.0
1994,1.0,10.0,0.0,0.0
1995,1.0,10.0,0.0,0.0
1996,1.0,10.0,0.0,0.0
1997,1.0,10.0,0.0,0.0
1998,1.0,10.0,0.0,0.0
1999,1.0,10.0,0.0,0.0
2000,1.0,10.0,0.0,0.0
2001,1.0,10.0,0.0,0.0
2002,3.0,10.0,0.0,0.0
2003,2.0,10.0,0.0,0.0
2004,1.0,10.0,0.0,0.0
2005,2.0,10.0,0.0,0.0
2006,1.0,10.0,0.0,0.0
2007,1.0,10.0,0.0,0.0
2008,2.0,10.0,0.0,0.0
2009,1.0,10.0,0.0,0.0
2010,4.0,-2.0,2.0,0.0
2011,1.0,10.0,0.0,0.0
2012,1.0,10.0,0.0,0.0
2013,1.0,10.0,0.0,0.0
2014,1.0,10.0,0.0,0.0
2015,1.0,10.0,0.0,0.0
2016,1.0,10.0,0.0,0.0
2017,2.0,10.0,0.0,0.0
2018,1.0,10.0,0.0,0.0
2019,1.0,10.0,0.0,0.0
2020,1.0,10.0,0.0,0.0
2021,1.0,10.0,0.0,0.0
2022,11.0,-8.0,4.0,0.0
2023,2.0,0.0,1.0,0.0
2024,1.0,10.0,0.0,0.0
2025,1.0,10.0,0.0,0.0
2026,1.0,10.0,0.0,0.0
2027,1.0,10.0,0.0,0.0
2028,3.0,8.0,1.0,0.0
2029,3.0,0.0,1.0,0.0
2030,2.0,10.0,0.0,0.0
2031,2.0,10.0,0.0,0.0
2032,2.0,8.0,1.0,0.0
2033,2.0,10.0,0.0,0.0
2034,3.0,8.0,1.0,0.0
2035,1.0,10.0,0.0,0.0
2036,3.0,8.0,1.0,0.0
2037,1.0,10.0,0.0,0.0
2038,1.0,10.0,0.0,0.0
2039,2.0,10.0,0.0,0.0
2040,2.0,10.0,0.0,0.0
2041,11.0,-16.0,4.0,0.0
2042,2.0,10.0,0.0,0.0
2043,2.0,10.0,0.0,0.0
2044,4.0,-2.0,2.0,0.0
2045,2.0,10.0,0.0,0.0
2046,1.0,10.0,0.0,0.0
2047,2.0,0.0,1.0,0.0
2048,1.0,10.0,0.0,0.0
2049,1.0,10.0,0.0,0.0
2050,1.0,10.0,0.0,0.0
2051,2.0,10.0,0.0,0.0
2052,1.0,10.0,0.0,0.0
2053,1.0,10.0,0.0,0.0
2054,1.0,10.0,0.0,0.0
2055,1.0,10.0,0.0,0.0
2056,1.0,10.0,0.0,0.0
2057,1.0,10.0,0.0,0.0
2058,2.0,10.0,0.0,0.0
2059,1.0,10.0,0.0,0.0
2060,3.0,8.0,1.0,0.0
2061,1.0,10.0,0.0,0.0
2062,1.0,10.0,0.0,0.0
2063,1.0,10.0,0.0,0.0
2064,1.0,10.0,0.0,0.0
2065,3.0,8.0,1.0,0.0
2066,1.0,10.0,0.0,0.0
2067,2.0,8.0,1.0,0.0
2068,1.0,10.0,0.0,0.0
2069,1.0,10.0,0.0,0.0
2070,1.0,10.0,0.0,0.0
2071,3.0,-10.0,2.0,0.0
2072,2.0,10.0,0.0,0.0
2073,2.0,10.0,0.0,0.0
2074,2.0,10.0,0.0,0.0
2075,3.0,8.0,1.0,0.0
2076,2.0,10.0,0.0,0.0
2077,1.0,10.0,0.0,0.0
2078,1.0,10.0,0.0,0.0
2079,1.0,10.0,0.0,0.0
2080,11.0,-10.0,5.0,0.0
2081,2.0,10.0,0.0,0.0
2082,1.0,10.0,0.0,0.0
2083,2.0,10.0,0.0,0.0
2084,1.0,10.0,0.0,0.0
2085,1.0,10.0,0.0,0.0
2086,1.0,10.0,0.0,0.0
2087,1.0,10.0,0.0,0.0
2088,1.0,10.0,0.0,0.0
2089,1.0,10.0,0.0,0.0
2090,3.0,10.0,0.0,0.0
2091,1.0,10.0,0.0,0.0
2092,1.0,10.0,0.0,0.0
2093,1.0,10.0,0.0,0.0
2094,1.0,10.0,0.0,0.0
2095,2.0,8.0,1.0,0.0
2096,1.0,10.0,0.0,0.0
2097,1.0,10.0,0.0,0.0
2098,3.0,10.0,0.0,0.0
2099,1.0,10.0,0.0,0.0
2100,1.0,10.0,0.0,0.0
2101,5.0,6.0,2.0,0.0
2102,1.0,10.0,0.0,0.0
2103,1.0,10.0,0.0,0.0
2104,1.0,10.0,0.0,0.0
2105,1.0,10.0,0.0,0.0
2106,1.0,10.0,0.0,0.0
2107,1.0,10.0,0.0,0.0
2108,1.0,10.0,0.0,0.0
2109,1.0,10.0,0.0,0.0
2110,1.0,10.0,0.0,0.0
2111,2.0,10.0,0.0,0.0
2112,1.0,10.0,0.0,0.0
2113,1.0,10.0,0.0,0.0
